N,Norme,durree
0,1,0.00010442733764648438
10,1.7519196702651774,0.0005815029144287109
20,1.9071347204072544,0.00015735626220703125
30,1.9864925686087398,0.0001633167266845703
40,2.0383668353150224,0.00021266937255859375
50,2.076296683131165,0.0001838207244873047
60,2.105891835979768,0.00019216537475585938
70,2.1299875109073305,0.00020051002502441406
80,2.1502045773192355,0.0002295970916748047
90,2.1675515519450204,0.00023436546325683594
100,2.1826960977574283,0.0002703666687011719
110,2.1961017282079567,0.00040435791015625
120,2.20810255740482,0.0003879070281982422
130,2.218946887955687,0.0006740093231201172
140,2.228823974801313,0.0007674694061279297
150,2.23788117150694,0.0005891323089599609
160,2.2462353126453323,0.0005016326904296875
170,2.25398050177101,0.0005443096160888672
180,2.261193580575599,0.0005733966827392578
190,2.267938057648095,0.0006656646728515625
200,2.2742669874318806,0.00070953369140625
210,2.2802251174170536,0.0006785392761230469
220,2.285850514947331,0.0006756782531738281
230,2.2911758172816117,0.00072479248046875
240,2.2962292044774246,0.0008900165557861328
250,2.30103516536025,0.0009398460388183594
260,2.3056151069741695,0.0009846687316894531
270,2.309987844196941,0.0012583732604980469
280,2.3141699965838622,0.0009884834289550781
290,2.3181763126573074,0.0013079643249511719
300,2.322019936917353,0.0011110305786132812
310,2.3257126312371055,0.0011243820190429688
320,2.329264959636844,0.0021677017211914062
330,2.3326864434351204,0.0030231475830078125
340,2.3359856922688618,0.0018298625946044922
350,2.3391705153266322,0.0018367767333984375
360,2.3422480162565495,0.0018138885498046875
370,2.3452246745269214,0.002809286117553711
380,2.348106415483015,0.001374959945678711
390,2.350898670923625,0.0014200210571289062
400,2.3536064316878664,0.0014424324035644531
410,2.356234293477417,0.0016963481903076172
420,2.3587864969265118,0.0019373893737792969
430,2.361266962760207,0.0019450187683105469
440,2.363679322742236,0.0018222332000732422
450,2.3660269469998725,0.002260446548461914
460,2.3683129682204607,0.0017290115356445312
470,2.370540303137264,0.0019567012786865234
480,2.3727116716591152,0.001941680908203125
490,2.374829613945502,0.0021283626556396484
500,2.3768965056848206,0.002405405044555664
510,2.37891457179684,0.0023844242095947266
520,2.3808858987491925,0.003072977066040039
530,2.3828124456520836,0.002905607223510742
540,2.384696054272773,0.0030336380004882812
550,2.3865384580930598,0.0038292407989501953
560,2.3883412905167516,0.004300594329833984
570,2.3901060923206563,0.003933429718017578
580,2.3918343184306137,0.004239797592163086
590,2.3935273440943323,0.006299018859863281
600,2.3951864705139334,0.008327960968017578
610,2.396812929993696,0.00635075569152832
620,2.3984078906518143,0.008585929870605469
630,2.399972460739681,0.00802159309387207
640,2.401507692606871,0.00714111328125
650,2.4030145863460564,0.00693202018737793
660,2.4044940931481755,0.006287336349487305
670,2.405947118394851,0.007283926010131836
680,2.4073745245122273,0.0075893402099609375
690,2.4087771336079586,0.008904218673706055
700,2.410155729910583,0.007712364196777344
710,2.411511062028752,0.012752294540405273
720,2.41284384504592,0.0170900821685791
730,2.4141547624646855,0.012119293212890625
740,2.415444468013278,0.011249780654907227
750,2.416713587325913,0.011378288269042969
760,2.417962719507246,0.016225337982177734
770,2.4191924385902928,0.014333486557006836
780,2.4204032948965217,0.015600442886352539
790,2.4215958163056848,0.017894983291625977
800,2.422770509442481,0.014659643173217773
810,2.4239278607865407,0.016098976135253906
820,2.425068337711455,0.015606880187988281
830,2.426192389458291,0.016120195388793945
840,2.427300448048376,0.018815279006958008
850,2.428392929139889,0.018771648406982422
860,2.4294702328322706,0.01699542999267578
870,2.4305327444222673,0.01642441749572754
880,2.4315808351149304,0.02051854133605957
890,2.4326148626929096,0.015810251235961914
900,2.4336351721467064,0.01503610610961914
910,2.434642096268733,0.016185998916625977
920,2.435635956213628,0.014272689819335938
930,2.4366170620269507,0.016046762466430664
940,2.4375857131444993,0.017184019088745117
950,2.438542198864142,0.01664280891418457
960,2.439486798791898,0.020901203155517578
970,2.4404197832640016,0.02541351318359375
980,2.4413414137463656,0.024471759796142578
990,2.4422519432130616,0.026081323623657227
1000,2.443151616504869,0.02268218994140625
1010,2.4440406706693625,0.021976470947265625
1020,2.4449193352835046,0.025155067443847656
1030,2.445787832759885,0.023386001586914062
1040,2.446646378637542,0.024619340896606445
1050,2.447495181858352,0.029090166091918945
1060,2.4483344450297215,0.03682065010070801
1070,2.4491643646744894,0.026380538940429688
1080,2.4499851314686985,0.02639484405517578
1090,2.450796930468013,0.02610468864440918
1100,2.45159994132333,0.03542160987854004
1110,2.4523943384862683,0.04138517379760742
1120,2.453180291405058,0.03465557098388672
1130,2.4539579647113365,0.035825252532958984
1140,2.4547275183984576,0.028916597366333008
1150,2.4554891079916397,0.028537511825561523
1160,2.456242884710465,0.029484987258911133
1170,2.456988995624111,0.02907848358154297
1180,2.4577275837997252,0.03312230110168457
1190,2.4584587884443128,0.03943181037902832
1200,2.4591827450403505,0.03093266487121582
1210,2.459899585475662,0.03006577491760254
1220,2.4606094381676686,0.03105759620666504
1230,2.4613124281823495,0.030553817749023438
1240,2.462008677348245,0.031964778900146484
1250,2.4626983043656825,0.042302846908569336
1260,2.463381424911402,0.03703784942626953
1270,2.4640581517389846,0.03433728218078613
1280,2.46472859477513,0.03863406181335449
1290,2.4653928612120235,0.03708815574645996
1300,2.4660510555960333,0.04349374771118164
1310,2.466703279912859,0.04130363464355469
1320,2.4673496336692455,0.03652453422546387
1330,2.467990213971636,0.03678441047668457
1340,2.468625115601604,0.04055905342102051
1350,2.469254431088461,0.03739476203918457
1360,2.4698782507790655,0.04452252388000488
1370,2.4704966629049316,0.04655790328979492
1380,2.47110975364683,0.04052877426147461
1390,2.471717607197008,0.04188895225524902
1400,2.472320305818967,0.0502011775970459
1410,2.472917929905151,0.04819512367248535
1420,2.4735105580324483,0.04243946075439453
1430,2.4740982670157043,0.044228553771972656
1440,2.4746811319592483,0.042470455169677734
1450,2.4752592263065862,0.053862571716308594
1460,2.4758326218883724,0.05107545852661133
1470,2.476401388968582,0.04615306854248047
1480,2.4769655962891033,0.04970407485961914
1490,2.4775253111128297,0.04843735694885254
1500,2.4780805992650965,0.053621768951416016
1510,2.4786315251738564,0.05855965614318848
1520,2.4791781519083576,0.050685882568359375
1530,2.479720541216584,0.05357551574707031
1540,2.480258753561346,0.0635230541229248
1550,2.4807928481552155,0.05286002159118652
1560,2.4813228829942933,0.05878448486328125
1570,2.4818489148908163,0.0628046989440918
1580,2.482370999504716,0.0739755630493164
1590,2.482889191374136,0.05716204643249512
1600,2.4834035439449584,0.05957984924316406
1610,2.4839141095993575,0.07826590538024902
1620,2.4844209396834436,0.06810164451599121
1630,2.484924084534045,0.07211470603942871
1640,2.485423593504608,0.0618748664855957
1650,2.4859195149902638,0.07193160057067871
1660,2.4864118964521666,0.06684494018554688
1670,2.486900784441027,0.061321258544921875
1680,2.4873862246198994,0.07198119163513184
1690,2.487868261786333,0.06745362281799316
1700,2.4883469398937783,0.06486892700195312
1710,2.488822302072351,0.07282233238220215
1720,2.4892943906490164,0.07114815711975098
1730,2.4897632471671027,0.06459975242614746
1740,2.4902289124052492,0.09101152420043945
1750,2.490691426395829,0.09072613716125488
1760,2.4911508284427644,0.08498167991638184
1770,2.491607157138856,0.061491966247558594
1780,2.4920604503825987,0.0649104118347168
1790,2.492510745394503,0.0633704662322998
1800,2.4929580787329275,0.07153558731079102
1810,2.493402486309515,0.06805658340454102
1820,2.4938440034040905,0.06951117515563965
1830,2.494282664679234,0.07534360885620117
1840,2.494718504194373,0.07480072975158691
1850,2.4951515554194947,0.0684669017791748
1860,2.4955818512485015,0.0740041732788086
1870,2.496009424012146,0.07591772079467773
1880,2.4964343054906384,0.0691535472869873
1890,2.4968565269259466,0.07304739952087402
1900,2.497276119033628,0.07922124862670898
1910,2.4976931120145,0.07168173789978027
1920,2.4981075355658846,0.07221674919128418
1930,2.49851941889257,0.06827783584594727
1940,2.4989287907175344,0.06531429290771484
1950,2.4993356792922827,0.07096242904663086
1960,2.499740112407033,0.07165145874023438
1970,2.500142117400461,0.06862616539001465
1980,2.5005417211694296,0.07369518280029297
1990,2.500938950178197,0.07671594619750977
2000,2.501333830467604,0.07054829597473145
2010,2.501726387663889,0.0802619457244873
2020,2.5021166469873206,0.07290792465209961
2030,2.502504633260642,0.07196807861328125
2040,2.5028903709172106,0.08286666870117188
2050,2.5032738840090474,0.07693171501159668
2060,2.5036551962145808,0.07586956024169922
2070,2.504034330846242,0.09024858474731445
2080,2.5044113108578667,0.07668590545654297
2090,2.5047861588519327,0.07902908325195312
2100,2.5051588970865417,0.09282088279724121
2110,2.505529547482337,0.08626365661621094
2120,2.505898131629161,0.07941389083862305
2130,2.5062646707926293,0.09271407127380371
2140,2.5066291859204197,0.08027291297912598
2150,2.506991697648572,0.08404827117919922
2160,2.507352226307503,0.10714173316955566
2170,2.5077107919279764,0.08760261535644531
2180,2.508067414246816,0.08345866203308105
2190,2.5084221127126023,0.09696435928344727
2200,2.5087749064911535,0.09170198440551758
2210,2.5091258144709068,0.08734488487243652
2220,2.5094748552681905,0.09495663642883301
2230,2.5098220472323285,0.0925588607788086
2240,2.5101674084506636,0.09344983100891113
2250,2.510510956753453,0.10111117362976074
2260,2.5108527097186197,0.09516620635986328
2270,2.5111926846765105,0.10239911079406738
2280,2.511530898714332,0.09816551208496094
2290,2.511867368680723,0.09962272644042969
2300,2.512202111190068,0.10433268547058105
2310,2.5125351426267555,0.10091924667358398
2320,2.5128664791493476,0.10123467445373535
2330,2.5131961366946927,0.10823369026184082
2340,2.5135241309818337,0.10690975189208984
2350,2.513850477515968,0.10401439666748047
2360,2.5141751915922113,0.10776805877685547
2370,2.5144982882993707,0.11059141159057617
2380,2.514819782523534,0.10927486419677734
2390,2.5151396889516837,0.10794925689697266
2400,2.5154580220751357,0.11253881454467773
2410,2.5157747961929724,0.10847902297973633
2420,2.516090025415405,0.11540675163269043
2430,2.5164037236670094,0.11466360092163086
2440,2.516715904689918,0.13438725471496582
2450,2.5170265820469746,0.1346149444580078
2460,2.517335769124771,0.1344301700592041
2470,2.51764347913668,0.11684846878051758
2480,2.5179497251257423,0.11975574493408203
2490,2.51825451996758,0.11237597465515137
2500,2.5185578763731815,0.12993168830871582
2510,2.5188598068917045,0.11473631858825684
2520,2.5191603239131064,0.12816166877746582
2530,2.5194594396708316,0.11643576622009277
2540,2.519757166244421,0.13414406776428223
2550,2.520053515561961,0.12638425827026367
2560,2.5203484994026852,0.13599872589111328
2570,2.5206421293993184,0.12544751167297363
2580,2.520934417040487,0.13672375679016113
2590,2.5212253736730785,0.12457084655761719
2600,2.5215150105044977,0.13582944869995117
2610,2.521803338604947,0.13125109672546387
2620,2.5220903689095957,0.13793206214904785
2630,2.5223761122207486,0.12682366371154785
2640,2.522660579209963,0.1384439468383789
2650,2.5229437804201167,0.13131976127624512
2660,2.5232257262674436,0.14093565940856934
2670,2.523506427043525,0.13228511810302734
2680,2.5237858929172203,0.14435791969299316
2690,2.5240641339366388,0.1365664005279541
2700,2.5243411600309735,0.14274358749389648
2710,2.5246169810123327,0.1391768455505371
2720,2.524891606577605,0.14296245574951172
2730,2.52516504631015,0.14122772216796875
2740,2.5254373096816467,0.14877557754516602
2750,2.5257084060536696,0.1405191421508789
2760,2.5259783446794932,0.1502068042755127
2770,2.5262471347056357,0.1443767547607422
2780,2.5265147851735117,0.15311241149902344
2790,2.5267813050210233,0.14109420776367188
2800,2.5270467030841033,0.15842461585998535
2810,2.527310988098209,0.14409112930297852
2820,2.527574168699874,0.15828800201416016
2830,2.5278362534281476,0.14632654190063477
2840,2.528097250726013,0.15609002113342285
2850,2.528357168941841,0.14882946014404297
2860,2.5286160163307736,0.1688365936279297
2870,2.5288738010560534,0.15595316886901855
2880,2.529130531190411,0.16475629806518555
2890,2.5293862147173423,0.15628266334533691
2900,2.529640859532429,0.16176247596740723
2910,2.5298944734445854,0.15432286262512207
2920,2.5301470641773176,0.17487812042236328
2930,2.530398639369933,0.15626001358032227
2940,2.5306492065787674,0.16965389251708984
2950,2.5308987732783494,0.1605384349822998
2960,2.531147346862533,0.17241930961608887
2970,2.531394934645709,0.16198110580444336
2980,2.531641543863862,0.17571592330932617
2990,2.531887181675693,0.16158437728881836
3000,2.532131855163702,0.17504620552062988
3010,2.5323755713352476,0.16875863075256348
3020,2.532618337123607,0.1801443099975586
3030,2.53286015938896,0.17386841773986816
3040,2.533101044919449,0.18180465698242188
3050,2.5333410004321313,0.1700599193572998
3060,2.533580032573995,0.18558597564697266
3070,2.5338181479228856,0.17322731018066406
3080,2.534055352988426,0.20001459121704102
3090,2.5342916542130105,0.17469501495361328
3100,2.5345270579726744,0.19053339958190918
3110,2.5347615705779685,0.17839646339416504
3120,2.534995198274893,0.18780803680419922
3130,2.53522794724571,0.19069242477416992
3140,2.5354598236098425,0.19067645072937012
3150,2.535690833424669,0.2022109031677246
3160,2.535920982686394,0.18885588645935059
3170,2.53615027733081,0.19671177864074707
3180,2.53637872323413,0.20719289779663086
3190,2.5366063262137506,0.21783828735351562
3200,2.5368330920290285,0.19853878021240234
3210,2.537059026382054,0.2075197696685791
3220,2.5372841349183903,0.20282888412475586
3230,2.53750842322778,0.20155119895935059
3240,2.5377318968449085,0.20229816436767578
3250,2.5379545612501033,0.21675610542297363
3260,2.538176421870004,0.21068668365478516
3270,2.538397484078314,0.21958041191101074
3280,2.5386177531964034,0.21342706680297852
3290,2.538837234494031,0.2206273078918457
3300,2.5390559331899847,0.21682333946228027
3310,2.539273854452712,0.2217710018157959
3320,2.5394910034009874,0.21842479705810547
3330,2.539707385104504,0.22216558456420898
3340,2.53992300458453,0.22096467018127441
3350,2.5401378668144594,0.22787189483642578
3360,2.540351976720464,0.22466206550598145
3370,2.5405653391820753,0.22702360153198242
3380,2.540777959032714,0.22683095932006836
3390,2.540989841060318,0.23499536514282227
3400,2.541200990007868,0.22986912727355957
3410,2.5414114105739687,0.23503828048706055
3420,2.5416211074133703,0.23516345024108887
3430,2.541830085137515,0.24474692344665527
3440,2.5420383483150553,0.24477052688598633
3450,2.542245901472397,0.23871707916259766
3460,2.5424527490941755,0.23630571365356445
3470,2.54265889562381,0.24028348922729492
3480,2.542864345463952,0.2429203987121582
3490,2.5430691029769994,0.24072933197021484
3500,2.5432731724855877,0.2492992877960205
3510,2.5434765582730456,0.25165271759033203
3520,2.543679264583849,0.25078535079956055
3530,2.5438812956241454,0.24949288368225098
3540,2.5440826555621405,0.25129127502441406
3550,2.5442833485285887,0.25038790702819824
3560,2.5444833786172163,0.25093531608581543
3570,2.544682749885138,0.2561638355255127
3580,2.544881466353344,0.2662692070007324
3590,2.5450795320070663,0.2611653804779053
3600,2.545276950796211,0.2635190486907959
3610,2.545473726635784,0.26572561264038086
3620,2.54566986340628,0.26460719108581543
3630,2.5458653649540812,0.2649855613708496
3640,2.5460602350918666,0.26516032218933105
3650,2.5462544775989757,0.2683417797088623
3660,2.5464480962218197,0.2679250240325928
3670,2.5466410946742135,0.2770826816558838
3680,2.546833476637806,0.27097296714782715
3690,2.5470252457623905,0.2702057361602783
3700,2.5472164056662923,0.2719137668609619
3710,2.5474069599367404,0.2725389003753662
3720,2.54759691213018,0.2768402099609375
3730,2.5477862657726518,0.27965593338012695
3740,2.547975024360107,0.27558398246765137
3750,2.5481631913587757,0.2809913158416748
3760,2.54835077020546,0.27936673164367676
3770,2.548537764307876,0.2794661521911621
3780,2.548724177045007,0.28653454780578613
3790,2.54891001176738,0.28600358963012695
3800,2.5490952717974023,0.3526346683502197
3810,2.549279960429647,0.28972363471984863
3820,2.5494640809311955,0.2877004146575928
3830,2.5496476365419083,0.2882723808288574
3840,2.5498306304747453,0.3035469055175781
3850,2.5500130659160276,0.30964231491088867
3860,2.550194946025754,0.30712223052978516
3870,2.5503762739378937,0.29439544677734375
3880,2.5505570527606336,0.3002018928527832
3890,2.550737285576677,0.29729485511779785
3900,2.5509169754435193,0.2970006465911865
3910,2.5510961253937094,0.30591273307800293
3920,2.5512747384351377,0.3055415153503418
3930,2.5514528175512527,0.3045542240142822
3940,2.5516303657013886,0.31648707389831543
3950,2.5518073858209602,0.3103342056274414
3960,2.5519838808217448,0.3121209144592285
3970,2.552159853592128,0.31150269508361816
3980,2.5523353069973664,0.31084418296813965
3990,2.552510243879778,0.3130185604095459
4000,2.5526846670590526,0.31591796875
4010,2.552858579332435,0.3200259208679199
4020,2.553031983474992,0.3233606815338135
4030,2.5532048822398163,0.3537747859954834
4040,2.553377278358284,0.3948700428009033
4050,2.5535491745402483,0.3298521041870117
4060,2.5537205734742816,0.3280360698699951
4070,2.5538914778279,0.33180832862854004
4080,2.554061890247766,0.33458662033081055
4090,2.5542318133598902,0.33220696449279785
4100,2.5544012497698656,0.3360564708709717
4110,2.5545702020630907,0.33803486824035645
4120,2.5547386728049397,0.3350236415863037
4130,2.554906664540959,0.3470292091369629
4140,2.555074179797115,0.3531055450439453
4150,2.5552412210799664,0.35307979583740234
4160,2.5554077908768322,0.37589097023010254
4170,2.5555738916560387,0.3561081886291504
4180,2.5557395258670663,0.35669445991516113
4190,2.5559046959407627,0.3478271961212158
4200,2.55606940428952,0.35424208641052246
4210,2.556233653307454,0.3744347095489502
4220,2.55639744537061,0.358504056930542
4230,2.5565607828370975,0.3608527183532715
4240,2.5567236680473107,0.3610975742340088
4250,2.5568861033240715,0.35921168327331543
4260,2.5570480909728364,0.3682703971862793
4270,2.5572096332818246,0.36646509170532227
4280,2.5573707325222266,0.3678905963897705
4290,2.5575313909483466,0.3719816207885742
4300,2.557691610797783,0.3757650852203369
4310,2.5578513942915757,0.3778800964355469
4320,2.558010743634365,0.377225399017334
4330,2.558169661014568,0.38523340225219727
4340,2.5583281486045166,0.38258934020996094
4350,2.5584862085606446,0.3796420097351074
4360,2.558643843023593,0.39117932319641113
4370,2.5588010541184056,0.3849639892578125
4380,2.5589578439546266,0.3935728073120117
4390,2.559114214626528,0.4073045253753662
4400,2.5592701682131693,0.39545130729675293
4410,2.5594257067785966,0.3968923091888428
4420,2.559580832371975,0.3931300640106201
4430,2.5597355470277074,0.4038267135620117
4440,2.5598898527656004,0.40256357192993164
4450,2.5600437515909933,0.40382909774780273
4460,2.5601972454948934,0.4021780490875244
4470,2.560350336454096,0.40747928619384766
4480,2.560503026431352,0.41528987884521484
4490,2.5606553173754447,0.4035665988922119
4500,2.560807211221398,0.41496729850769043
4510,2.5609587098905156,0.414839506149292
4520,2.56110981529059,0.4204230308532715
4530,2.5612605293159594,0.41492557525634766
4540,2.561410853847678,0.4210178852081299
4550,2.5615607907536093,0.4633612632751465
4560,2.561710341888581,0.42859721183776855
4570,2.5618595090944645,0.42823219299316406
4580,2.562008294200318,0.4231843948364258
4590,2.562156699022507,0.4349367618560791
4600,2.5623047253648066,0.5273354053497314
4610,2.56245237501851,0.46898698806762695
4620,2.5625996497625723,0.44715452194213867
4630,2.5627465513636825,0.4425225257873535
4640,2.562893081576407,0.4498424530029297
4650,2.563039242143283,0.44423580169677734
4660,2.5631850347949285,0.4679872989654541
4670,2.5633304612501484,0.4472362995147705
4680,2.563475523216053,0.4551718235015869
4690,2.5636202223881366,0.4532358646392822
4700,2.563764560450407,0.4663968086242676
4710,2.5639085390754746,0.46079540252685547
4720,2.5640521599246506,0.47500014305114746
4730,2.5641954246480596,0.49856066703796387
4740,2.5643383348847344,0.48251819610595703
4750,2.5644808922627114,0.48931384086608887
4760,2.564623098399099,0.49538183212280273
4770,2.5647649549002485,0.4899897575378418
4780,2.5649064633617638,0.4962172508239746
4790,2.56504762536865,0.4809684753417969
4800,2.5651884424953932,0.5054254531860352
4810,2.5653289163060258,0.5014572143554688
4820,2.565469048354261,0.48351311683654785
4830,2.56560884018357,0.5098738670349121
4840,2.565748293327232,0.5335159301757812
4850,2.565887409308455,0.5132050514221191
4860,2.5660261896404997,0.5138378143310547
4870,2.5661646358266608,0.5156874656677246
4880,2.5663027493604864,0.5149192810058594
4890,2.5664405317257435,0.5250377655029297
4900,2.56657798439656,0.5139579772949219
4910,2.5667151088375135,0.5250699520111084
4920,2.5668519065036675,0.5224206447601318
4930,2.56698837884071,0.5318739414215088
4940,2.567124527284987,0.52193284034729
4950,2.5672603532636002,0.5365586280822754
4960,2.567395858194492,0.5368280410766602
4970,2.5675310434865115,0.5380027294158936
4980,2.5676659105394797,0.5418143272399902
4990,2.567800460744297,0.5406405925750732
5000,2.5679346954829922,0.5481643676757812
5010,2.5680686161288064,0.5511507987976074
5020,2.5682022240462703,0.5436291694641113
5030,2.5683355205912544,0.5509965419769287
5040,2.568468507111075,0.5442688465118408
5050,2.5686011849445363,0.5569264888763428
5060,2.568733555422023,0.5593147277832031
5070,2.5688656198655613,0.5515739917755127
5080,2.568997379588863,0.5576567649841309
5090,2.5691288358974456,0.544532299041748
5100,2.569259990088655,0.5579385757446289
5110,2.5693908434517487,0.5836358070373535
5120,2.5695213972679634,0.5867931842803955
5130,2.5696516528105824,0.5694334506988525
5140,2.5697816113449967,0.5803313255310059
5150,2.569911274128775,0.5839223861694336
5160,2.570040642411697,0.5916519165039062
5170,2.570169717435866,0.5864593982696533
5180,2.5702985004357455,0.5747907161712646
5190,2.5704269926381977,0.5799820423126221
5200,2.570555195262596,0.5814836025238037
5210,2.570683109520849,0.5841250419616699
5220,2.5708107366174664,0.5749647617340088
5230,2.5709380777496147,0.5888383388519287
5240,2.571065134107199,0.5952601432800293
5250,2.571191906872883,0.5769603252410889
5260,2.571318397222179,0.5966811180114746
5270,2.5714446063235106,0.5956916809082031
5280,2.571570535338221,0.5902464389801025
5290,2.571696185420681,0.5888855457305908
5300,2.571821557718304,0.6135578155517578
5310,2.5719466533716546,0.5967457294464111
5320,2.572071473514426,0.6180286407470703
5330,2.572196019273572,0.6709177494049072
5340,2.5723202917692944,0.6169016361236572
5350,2.5724442921151436,0.608400821685791
5360,2.5725680214180535,0.6091127395629883
5370,2.5726914807783725,0.6354031562805176
5380,2.5728146712899633,0.6134371757507324
5390,2.5729375940402033,0.6106646060943604
5400,2.5730602501100526,0.6495590209960938
5410,2.5731826405741245,0.6375887393951416
5420,2.573304766500716,0.618227481842041
5430,2.5734266289518315,0.6186385154724121
5440,2.5735482289832925,0.6286270618438721
5450,2.573669567644714,0.6451780796051025
5460,2.5737906459796283,0.64581298828125
5470,2.5739114650254566,0.6652052402496338
5480,2.57403202581361,0.7997574806213379
5490,2.57415232936951,0.7117288112640381
5500,2.57427237671263,0.7283468246459961
5510,2.574392168856571,0.7194437980651855
5520,2.5745117068090697,0.6723992824554443
5530,2.5746309915720667,0.6442244052886963
5540,2.5747500241417365,0.658376932144165
5550,2.5748688055085385,0.6508374214172363
5560,2.57498733665726,0.6609828472137451
5570,2.5751056185670635,0.6528196334838867
5580,2.575223652211518,0.6705164909362793
5590,2.5753414385586426,0.6762228012084961
5600,2.5754589785709356,0.6709051132202148
5610,2.575576273205472,0.6633651256561279
5620,2.575693323413865,0.677196741104126
5630,2.57581013014237,0.6825191974639893
5640,2.5759266943318817,0.6869595050811768
5650,2.57604301691801,0.6797451972961426
5660,2.576159098831069,0.6872444152832031
5670,2.5762749409961785,0.7052981853485107
5680,2.576390544333267,0.6817529201507568
5690,2.576505909757098,0.6889705657958984
5700,2.5766210381773327,0.6952157020568848
5710,2.5767359304985673,0.6948835849761963
5720,2.5768505876203474,0.7030720710754395
5730,2.57696501043723,0.7046182155609131
5740,2.5770791998388143,0.7052528858184814
5750,2.5771931567097477,0.7133891582489014
5760,2.577306881929811,0.7166383266448975
5770,2.577420376373926,0.71002197265625
5780,2.577533640912175,0.713240385055542
5790,2.577646676409884,0.7170412540435791
5800,2.5777594837276236,0.7221300601959229
5810,2.577872063721213,0.7178020477294922
5820,2.5779844172418267,0.7279865741729736
5830,2.578096545135977,0.7211833000183105
5840,2.578208448245556,0.7287251949310303
5850,2.5783201274078906,0.7426798343658447
5860,2.5784315834557363,0.7366702556610107
5870,2.578542817217336,0.7337062358856201
5880,2.5786538295164707,0.7382915019989014
5890,2.578764621172426,0.7435221672058105
5900,2.578875193000111,0.7580459117889404
5910,2.578985545809996,0.743405818939209
5920,2.579095680408238,0.750777006149292
5930,2.579205597596652,0.7528669834136963
5940,2.579315298172725,0.7555797100067139
5950,2.579424782929723,0.7595598697662354
5960,2.579534052656637,0.7599709033966064
5970,2.579643108138268,0.7646660804748535
5980,2.579751950155244,0.7838294506072998
5990,2.5798605794840124,0.7708816528320312
6000,2.579968996896948,0.7736191749572754
6010,2.5800772031622934,0.7712192535400391
6020,2.5801851990442453,0.772106409072876
6030,2.5802929853029672,0.7764341831207275
6040,2.5804005626946,0.7833287715911865
6050,2.5805079319713293,0.7921373844146729
6060,2.5806150938813675,0.790412425994873
6070,2.580722049169002,0.7925264835357666
6080,2.5808287985746627,0.7927279472351074
6090,2.5809353428348496,0.786116361618042
6100,2.5810416826822618,0.810868501663208
6110,2.5811478188457495,0.7997512817382812
6120,2.5812537520504075,0.8153114318847656
6130,2.581359483017537,0.8160016536712646
6140,2.5814650124646983,0.8230140209197998
6150,2.581570341105747,0.8293454647064209
6160,2.581675469650861,0.8247494697570801
6170,2.5817803988065298,0.8315591812133789
6180,2.581885129275627,0.8683602809906006
6190,2.5819896617573805,0.8262946605682373
6200,2.5820939969474535,0.83315110206604
6210,2.5821981355379418,0.8476822376251221
6220,2.5823020782173858,0.8363587856292725
6230,2.582405825670816,0.8437535762786865
6240,2.582509378579772,0.8443653583526611
6250,2.582612737622303,0.8535656929016113
6260,2.582715903473037,0.8436107635498047
6270,2.5828188768031617,0.8445713520050049
6280,2.5829216582804513,0.8542964458465576
6290,2.5830242485693216,0.8511719703674316
6300,2.583126648330836,0.8571567535400391
6310,2.583228858222685,0.8843226432800293
6320,2.5833308788992877,0.8966193199157715
6330,2.5834327110117474,0.8663601875305176
6340,2.583534355207913,0.8926849365234375
6350,2.583635812132372,0.877716064453125
6360,2.583737082426504,0.8956575393676758
6370,2.58383816672846,0.8884446620941162
6380,2.5839390656732193,0.9031083583831787
6390,2.5840397798926054,0.894160270690918
6400,2.584140310015286,0.8939409255981445
6410,2.5842406566668203,0.8859293460845947
6420,2.5843408204696448,0.908322811126709
6430,2.5844408020431513,0.9080855846405029
6440,2.5845406020036195,0.9098608493804932
6450,2.5846402209643387,0.8917968273162842
6460,2.584739659535545,0.911201000213623
6470,2.584838918324467,0.9216217994689941
6480,2.5849379979353895,0.9168393611907959
6490,2.5850368989695887,0.9121859073638916
6500,2.585135622025418,0.915999174118042
6510,2.5852341676983137,0.9227044582366943
6520,2.585332536580781,0.9385955333709717
6530,2.585430729262458,0.9345057010650635
6540,2.5855287463301124,0.9285874366760254
6550,2.585626588367643,0.9345850944519043
6560,2.5857242559561255,0.9502341747283936
6570,2.5858217496738316,0.9453845024108887
6580,2.5859190700962116,0.9453861713409424
6590,2.5860162177959714,0.941230297088623
6600,2.586113193343019,0.9527397155761719
6610,2.586209997304538,0.9501633644104004
6620,2.586306630244973,0.9704399108886719
6630,2.5864030927260844,0.987144947052002
6640,2.5864993853069036,0.994011402130127
6650,2.5865955085438226,1.009727954864502
6660,2.58669146299055,0.9840734004974365
6670,2.5867872491981503,1.011361837387085
6680,2.5868828677150812,1.050851583480835
6690,2.5869783190871836,1.024815559387207
6700,2.58707360385769,1.025092601776123
6710,2.587168722567279,1.0110690593719482
6720,2.5872636757540697,1.0250887870788574
6730,2.5873584639536182,1.089388370513916
6740,2.5874530876989565,1.0694828033447266
6750,2.5875475475206073,1.073650598526001
6760,2.587641843946594,1.1213507652282715
6770,2.5877359775024686,1.1117854118347168
6780,2.5878299487112972,1.1653599739074707
6790,2.5879237580936967,1.0756464004516602
6800,2.5880174061678765,1.0849816799163818
6810,2.5881108934495876,1.0711393356323242
6820,2.58820422045219,1.1107890605926514
6830,2.5882973876866497,1.4343907833099365
6840,2.5883903956615617,1.351510763168335
6850,2.5884832448831547,1.4789049625396729
6860,2.588575935855305,1.6218304634094238
6870,2.5886684690795527,1.6292476654052734
6880,2.588760845055126,1.5731143951416016
6890,2.588853064278934,1.6308989524841309
6900,2.5889451272456188,1.5770602226257324
6910,2.58903703444753,1.5675992965698242
6920,2.5891287863747436,1.605940818786621
6930,2.5892203835151055,1.5791966915130615
6940,2.589311826354202,1.5922727584838867
6950,2.5894031153754047,1.6577036380767822
6960,2.5894942510598953,1.6141924858093262
6970,2.5895852338866208,1.6827523708343506
6980,2.5896760643323846,1.668243646621704
6990,2.589766742871795,1.7248520851135254
7000,2.5898572699773013,1.6636788845062256
7010,2.5899476461192137,1.7133069038391113
7020,2.5900378717657286,1.7151851654052734
7030,2.590127947382885,1.6868021488189697
7040,2.5902178734346455,1.727478265762329
7050,2.5903076503828872,1.720688819885254
7060,2.5903972786873597,1.707975149154663
7070,2.590486758805797,1.7541851997375488
7080,2.5905760911938325,1.7630760669708252
7090,2.5906652763050797,1.7305335998535156
7100,2.5907543145911163,1.727752685546875
7110,2.590843206501495,1.778369665145874
7120,2.590931952483748,1.7869913578033447
7130,2.591020552983441,1.7528648376464844
7140,2.5911090084441297,1.409071445465088
7150,2.591197319307383,1.3123645782470703
7160,2.5912854860128567,1.420151710510254
7170,2.5913735089982017,1.3954918384552002
7180,2.591461388699167,1.405996561050415
7190,2.591549125549546,1.7565200328826904
7200,2.5916367199812402,1.5653433799743652
7210,2.591724172424227,1.318347692489624
7220,2.591811483306595,1.359287977218628
7230,2.591898653054554,1.4370739459991455
7240,2.5919856820924263,1.4162204265594482
7250,2.5920725708426935,1.4142718315124512
7260,2.5921593197259627,1.825610876083374
7270,2.5922459291610194,1.7457036972045898
7280,2.5923323995648095,1.6248340606689453
7290,2.592418731352453,1.6494879722595215
7300,2.5925049249372805,1.8550117015838623
7310,2.5925909807307965,1.8323781490325928
7320,2.5926768991427513,1.840939998626709
7330,2.5927626805810755,1.9452025890350342
7340,2.592848325451963,1.964139461517334
7350,2.5929338341598456,1.8810954093933105
7360,2.593019207107399,1.8653583526611328
7370,2.5931044446955416,2.003415107727051
7380,2.593189547323515,2.034508466720581
7390,2.593274515388802,1.4382171630859375
7400,2.5933593492871725,1.3787541389465332
7410,2.5934440494127218,1.3892529010772705
7420,2.5935286161578395,1.4486258029937744
7430,2.593613049913245,1.8567183017730713
7440,2.5936973510679824,1.7144384384155273
7450,2.5937815200094305,1.3473103046417236
7460,2.5938655571233182,1.2988433837890625
7470,2.593949462793728,1.2806856632232666
7480,2.5940332374031305,1.2861347198486328
7490,2.594116881332342,1.2841126918792725
7500,2.5942003949605725,1.287353515625
7510,2.5942837786654502,1.2949378490447998
7520,2.5943670328229635,1.299250841140747
7530,2.594450157807543,1.2978324890136719
7540,2.5945331539920353,1.291762351989746
7550,2.5946160217476955,1.3349900245666504
7560,2.594698761444263,1.3911359310150146
7570,2.5947813734498566,1.4133689403533936
7580,2.594863858131114,1.3528048992156982
7590,2.5949462158530974,1.2986538410186768
7600,2.5950284469793483,1.296905517578125
7610,2.5951105518719,1.2992424964904785
7620,2.5951925308912522,1.313962697982788
7630,2.59527438439644,1.317983627319336
7640,2.5953561127449696,1.3055508136749268
7650,2.595437716292861,1.3206593990325928
7660,2.5955191953946795,1.3371851444244385
7670,2.595600550403498,1.3256568908691406
7680,2.595681781670945,1.33980393409729
7690,2.5957628895471765,1.331529140472412
7700,2.5958438743809094,1.341294288635254
7710,2.595924736519417,1.3211102485656738
7720,2.5960054763085596,1.3385136127471924
7730,2.596086094092757,1.343790054321289
7740,2.5961665902150175,1.3353097438812256
7750,2.596246965016938,1.3306267261505127
7760,2.596327218838727,1.328596591949463
7770,2.5964073520191935,1.3308792114257812
7780,2.5964873648957507,1.3315861225128174
7790,2.596567257804458,1.3370494842529297
7800,2.5966470310799776,1.3419175148010254
7810,2.5967266850556285,1.3436973094940186
7820,2.5968062200633657,1.335716724395752
7830,2.5968856364337958,1.338507890701294
7840,2.5969649344961834,1.3444123268127441
7850,2.5970441145784653,1.3549211025238037
7860,2.5971231770072474,1.3477222919464111
7870,2.59720212210781,1.3576486110687256
7880,2.597280950204116,1.3461518287658691
7890,2.5973596616188526,1.3488585948944092
7900,2.5974382566733825,1.354543924331665
7910,2.5975167356877735,1.3478877544403076
7920,2.5975950989808094,1.3650505542755127
7930,2.5976733468700104,1.363297462463379
7940,2.5977514796716172,1.3828530311584473
7950,2.5978294977005953,1.3734798431396484
7960,2.5979074012706707,1.3685636520385742
7970,2.5979851906942955,1.3881773948669434
7980,2.598062866282687,1.376317024230957
7990,2.5981404283458343,1.3777391910552979
8000,2.5982178771924795,1.4457945823669434
8010,2.598295213130136,1.3882148265838623
8020,2.598372436465115,1.3892185688018799
8030,2.5984495475025065,1.384467601776123
8040,2.5985265465461804,1.3959250450134277
8050,2.598603433898831,1.3852505683898926
8060,2.5986802098619277,1.404592752456665
8070,2.598756874735778,1.4175505638122559
8080,2.598833428819499,1.412184238433838
8090,2.5989098724110224,1.4009277820587158
8100,2.5989862058071385,1.4143438339233398
8110,2.5990624293034243,1.4034948348999023
8120,2.599138543194356,1.4286978244781494
8130,2.5992145477732143,1.4208106994628906
8140,2.599290443332152,1.4266388416290283
8150,2.599366230162179,1.404723882675171
8160,2.599441908553173,1.4540956020355225
8170,2.5995174787938957,1.4728524684906006
8180,2.5995929411719416,1.786275863647461
8190,2.5996682959738573,1.8521838188171387
8200,2.599743543485017,1.4976799488067627
8210,2.599818683989712,1.4835870265960693
8220,2.599893717771143,1.4689905643463135
8230,2.599968645111408,1.4576435089111328
8240,2.6000434662915044,1.481926441192627
8250,2.6001181815913643,1.4711124897003174
8260,2.600192791289842,1.48358154296875
8270,2.6002672956647124,1.4675040245056152
8280,2.600341694992685,1.4908125400543213
8290,2.6004159895493943,1.4933648109436035
8300,2.600490179609438,1.5083708763122559
8310,2.6005642654463648,1.502063274383545
8320,2.600638247332661,1.5485899448394775
8330,2.6007121255397934,1.5456926822662354
8340,2.6007859003381677,2.2540669441223145
8350,2.6008595719971757,1.529266119003296
8360,2.600933140785185,1.6117620468139648
8370,2.601006606969536,1.6606769561767578
8380,2.601079970816573,1.6122372150421143
8390,2.6011532325916087,1.5450515747070312
8400,2.601226392558954,1.560490369796753
8410,2.6012994509819447,1.561143398284912
8420,2.6013724081228933,1.7705323696136475
8430,2.60144526424312,1.795569658279419
8440,2.601518019602998,2.039396047592163
8450,2.6015906744618804,1.7508528232574463
8460,2.6016632290781603,1.6706383228302002
8470,2.6017356837092773,1.5979828834533691
8480,2.6018080386116713,1.6027429103851318
8490,2.601880294040863,1.6270618438720703
8500,2.601952450251379,1.5912275314331055
8510,2.6020245074968056,1.5994460582733154
8520,2.602096466029803,1.6108777523040771
8530,2.602168326102074,1.6159405708312988
8540,2.6022400879643683,1.6264142990112305
8550,2.602311751866533,1.6310954093933105
8560,2.602383318057474,1.6449594497680664
8570,2.602454786785171,1.8590681552886963
8580,2.6025261582966803,1.6451916694641113
8590,2.602597432838153,1.7879927158355713
8600,2.602668610654828,2.1516592502593994
8610,2.6027396919910446,2.010918378829956
8620,2.602810677090231,1.8964262008666992
8630,2.602881566194916,1.808701992034912
8640,2.6029523595467436,1.6767754554748535
8650,2.603023057386467,1.7002356052398682
8660,2.6030936599539602,1.7200288772583008
8670,2.603164167488215,1.704545259475708
8680,2.6032345802273342,1.7097642421722412
8690,2.6033048984085734,1.718599557876587
8700,2.6033751222682957,1.8207919597625732
8710,2.6034452520420244,1.742722511291504
8720,2.6035152879644223,1.7354052066802979
8730,2.6035852302692684,1.7351388931274414
8740,2.6036550791895188,1.7258892059326172
8750,2.603724834957281,1.7341382503509521
8760,2.603794497803819,1.7499091625213623
8770,2.603864067959541,1.735332727432251
8780,2.6039335456540584,1.7515044212341309
8790,2.6040029311161,1.7494845390319824
8800,2.6040722245736156,1.7650694847106934
8810,2.60414142625371,1.7883920669555664
8820,2.6042105363826673,1.7702600955963135
8830,2.6042795551859648,1.7865235805511475
8840,2.604348482888268,1.802156686782837
8850,2.6044173197134324,1.797217607498169
8860,2.604486065884508,1.8105642795562744
8870,2.604554721623753,1.814096212387085
8880,2.604623287152622,1.822305679321289
8890,2.604691762691786,1.830322504043579
8900,2.604760148461114,1.817427396774292
8910,2.6048284446797134,1.8344173431396484
8920,2.6048966515658796,1.848677635192871
8930,2.604964769337151,1.8468818664550781
8940,2.605032798210299,1.8616108894348145
8950,2.6051007384013145,1.8616070747375488
8960,2.6051685901254156,1.887054681777954
8970,2.6052363535970544,1.878666877746582
8980,2.605304029029962,1.8788800239562988
8990,2.6053716166370577,1.88566255569458
9000,2.6054391166305493,1.9020016193389893
9010,2.605506529221889,2.089075803756714
9020,2.605573854621761,2.0692577362060547
9030,2.6056410930401355,1.9164574146270752
9040,2.605708244686239,1.9456143379211426
9050,2.605775309768544,1.912950038909912
9060,2.6058422884948067,1.9587008953094482
9070,2.6059091810720627,1.9659802913665771
9080,2.605975987706611,1.9519729614257812
9090,2.6060427086040194,1.9687857627868652
9100,2.606109343969169,1.987617015838623
9110,2.6061758940061894,1.998511552810669
9120,2.6062423589185117,1.9823737144470215
9130,2.606308738908883,1.9923129081726074
9140,2.6063750341793166,1.9854333400726318
9150,2.6064412449311183,2.017245292663574
9160,2.6065073713649234,2.031167507171631
9170,2.6065734136806586,2.03245210647583
9180,2.6066393720775527,2.0177292823791504
9190,2.6067052467541396,2.0348451137542725
9200,2.6067710379083033,2.073951244354248
9210,2.6068367457371955,2.0567991733551025
9220,2.606902370437318,2.117328643798828
9230,2.606967912204481,2.0715231895446777
9240,2.6070333712338494,2.054603338241577
9250,2.607098747719885,2.0735158920288086
9260,2.6071640418563877,2.049952268600464
9270,2.6072292538365067,2.0697743892669678
9280,2.6072943838527216,2.0793678760528564
9290,2.6073594320968634,2.1428537368774414
9300,2.6074243987600774,2.1127583980560303
9310,2.607489284032904,2.088498115539551
9320,2.6075540881051777,2.0967791080474854
9330,2.607618811166123,2.1027278900146484
9340,2.6076834534043325,2.1096978187561035
9350,2.607748015007714,2.097503900527954
9360,2.607812496163575,2.1097285747528076
9370,2.6078768970585626,2.1154775619506836
9380,2.607941217878718,2.169579267501831
9390,2.608005458809406,2.13960599899292
9400,2.6080696200354323,2.1286940574645996
9410,2.6081337017409156,2.134281873703003
9420,2.6081977041093953,2.1496787071228027
9430,2.6082616273237544,2.154135227203369
9440,2.608325471566305,2.147132396697998
9450,2.608389237018708,2.152379035949707
9460,2.6084529238620453,2.1526339054107666
9470,2.6085165322767554,2.185504913330078
9480,2.608580062442692,2.1606085300445557
9490,2.6086435145391134,2.181697368621826
9500,2.6087068887446607,2.166492223739624
9510,2.6087701852374003,2.2091710567474365
9520,2.6088334041947814,2.1858198642730713
9530,2.608896545793667,2.351836681365967
9540,2.608959610210338,3.280397653579712
9550,2.609022597620485,3.0454752445220947
9560,2.60908550819922,2.777076005935669
9570,2.609148342121059,2.825582265853882
9580,2.6092110995599507,2.8681387901306152
9590,2.609273780689259,2.430980682373047
9600,2.6093363856818033,2.480367422103882
9610,2.6093989147097787,2.50132155418396
9620,2.609461367944845,2.4172472953796387
9630,2.6095237455581044,2.2278316020965576
9640,2.6095860477200663,2.5714528560638428
9650,2.6096482746007,2.4477486610412598
9660,2.609710426369408,2.7196199893951416
9670,2.6097725031950416,2.805739164352417
9680,2.609834505245875,2.92445969581604
9690,2.6098964326896708,2.474961996078491
9700,2.609958285693594,2.3885703086853027
9710,2.6100200644243245,2.4111132621765137
9720,2.6100817690479214,2.3701207637786865
9730,2.6101433997299637,2.3332386016845703
9740,2.6102049566354535,2.280290126800537
9750,2.610266439928875,2.298311948776245
9760,2.610327849774174,2.301888942718506
9770,2.610389186334756,2.3306758403778076
9780,2.610450449773491,2.297168016433716
9790,2.6105116402527346,2.30153751373291
9800,2.6105727579343143,2.287109375
9810,2.610633802979513,2.3022525310516357
9820,2.6106947755491263,2.2872045040130615
9830,2.6107556758033863,2.329841375350952
9840,2.6108165039020523,2.29760479927063
9850,2.610877260004333,2.307443380355835
9860,2.610937944268943,2.2903552055358887
9870,2.6109985568540797,2.3167784214019775
9880,2.611059097917442,2.30019474029541
9890,2.611119567616208,2.308614492416382
9900,2.6111799661070556,2.312148332595825
9910,2.6112402935461474,2.3073315620422363
9920,2.611300550089177,2.3211231231689453
9930,2.611360735891318,2.325076103210449
9940,2.611420851107244,2.3259761333465576
9950,2.6114808958911526,2.501077175140381
9960,2.611540870396734,2.54118013381958
9970,2.611600774777192,2.4674506187438965
9980,2.6116606091852472,2.36197829246521
9990,2.6117203737731254,2.3819656372070312
10000,2.611780068692582,2.341869354248047
10010,2.6118396940948765,2.3782389163970947
10020,2.6118992501308003,2.4205503463745117
10030,2.611958736950662,2.5095574855804443
10040,2.612018154704292,2.3642847537994385
10050,2.6120775035410375,2.456712245941162
10060,2.6121367836098104,2.4556429386138916
10070,2.6121959950590155,2.711981773376465
10080,2.6122551380365904,2.5270817279815674
10090,2.612314212690035,2.58585786819458
10100,2.6123732191663542,2.678577184677124
10110,2.612432157612128,2.5526676177978516
10120,2.6124910281734284,2.5578079223632812
10130,2.6125498309959116,2.7442378997802734
10140,2.6126085662247536,2.7749195098876953
10150,2.6126672340046735,2.715311288833618
10160,2.612725834479956,2.539550542831421
10170,2.612784367794423,2.6964759826660156
10180,2.6128428340914516,2.4766499996185303
10190,2.6129012335139654,2.630328893661499
10200,2.6129595662044514,2.4935295581817627
10210,2.6130178323049487,2.4894003868103027
10220,2.613076031957051,2.668752908706665
10230,2.6131341653019167,3.0449960231781006
10240,2.613192232480263,2.613600730895996
10250,2.6132502336323835,2.611281156539917
10260,2.6133081688981172,2.6624646186828613
10270,2.6133660384168866,2.536416530609131
10280,2.6134238423276708,2.4872384071350098
10290,2.613481580769034,2.5399553775787354
10300,2.613539253879095,2.5630176067352295
10310,2.6135968617955725,2.5434188842773438
10320,2.6136544046557146,2.737046957015991
10330,2.613711882596402,2.588210344314575
10340,2.613769295754075,2.6115729808807373
10350,2.613826644264737,2.565310001373291
10360,2.6138839282639923,2.570821523666382
10370,2.6139411478870285,2.586730480194092
10380,2.6139983032686094,2.5790486335754395
10390,2.6140553945430876,2.5701589584350586
10400,2.614112421844432,2.574958324432373
10410,2.61416938530617,2.5904994010925293
10420,2.6142262850614273,2.5841662883758545
10430,2.614283121242936,2.5901589393615723
10440,2.6143398939830247,2.6059560775756836
10450,2.614396603413603,2.616501569747925
10460,2.6144532496661936,2.673182725906372
10470,2.614509832871918,2.7801196575164795
10480,2.6145663531614893,2.638552665710449
10490,2.6146228106652476,2.6289308071136475
10500,2.6146792055131085,2.6262102127075195
10510,2.6147355378346275,2.634986639022827
10520,2.6147918077589445,2.6502466201782227
10530,2.6148480154148146,2.6445302963256836
10540,2.6149041609306267,2.655959129333496
10550,2.614960244434346,2.747746229171753
10560,2.615016266053561,2.6586689949035645
10570,2.6150722259155073,2.6623189449310303
10580,2.615128124147005,2.6669669151306152
10590,2.615183960874517,2.6744887828826904
10600,2.615239736224111,2.672182083129883
10610,2.6152954503214807,2.6792802810668945
10620,2.6153511032919456,2.6917948722839355
10630,2.6154066952604564,2.682438373565674
10640,2.61546222635158,2.69555926322937
10650,2.6155176966895093,2.71627140045166
10660,2.6155731063980867,2.7110753059387207
10670,2.6156284556007643,2.7048943042755127
10680,2.6156837444206404,2.7115120887756348
10690,2.6157389729804508,2.7182044982910156
10700,2.615794141402547,2.713139295578003
10710,2.6158492498089174,2.7218234539031982
10720,2.615904298321239,2.736234188079834
10730,2.615959287060759,2.734126567840576
10740,2.61601421614841,2.7510249614715576
10750,2.616069085704743,4.00084114074707
10760,2.616123895849978,3.4626662731170654
10770,2.6161786467039643,3.115598678588867
10780,2.616233338386186,4.05094313621521
10790,2.6162879710158125,3.497378349304199
10800,2.6163425447116273,3.0986857414245605
10810,2.6163970595920745,4.224736928939819
10820,2.61645151577527,3.210564613342285
10830,2.6165059133789477,3.145071029663086
10840,2.616560252520523,3.335064172744751
10850,2.6166145333170574,4.154326915740967
10860,2.616668755885284,3.877267599105835
10870,2.616722920341561,3.138401985168457
10880,2.61677702680195,3.868675947189331
10890,2.6168310753821493,4.291932582855225
10900,2.6168850661975114,4.113758563995361
10910,2.6169389993630707,4.232581377029419
10920,2.6169928749935316,4.1492273807525635
10930,2.6170466932032355,4.3664281368255615
10940,2.617100454106217,4.343834161758423
10950,2.617154157816194,4.334930419921875
10960,2.6172078044465126,3.8802740573883057
10970,2.6172613941102245,4.285034418106079
10980,2.6173149269200295,3.234645128250122
10990,2.617368402988329,3.2477893829345703
11000,2.617421822427173,3.207648992538452
11010,2.6174751853483045,3.5313596725463867
11020,2.617528491863149,3.7405900955200195
11030,2.6175817420827863,3.437577247619629
11040,2.6176349361180065,4.037636041641235
11050,2.617688074079261,4.371976375579834
11060,2.617741156076695,4.393346786499023
11070,2.617794182220118,3.3481671810150146
11080,2.617847152619065,3.2773959636688232
11090,2.617900067382708,3.949678421020508
11100,2.6179529266199486,4.4436821937561035
11110,2.618005730439333,3.273446559906006
11120,2.6180584789491537,3.2543857097625732
11130,2.6181111722573402,3.311230421066284
11140,2.6181638104715486,4.214126825332642
11150,2.61821639369912,4.485356092453003
11160,2.6182689220470747,3.6147360801696777
11170,2.618321395622152,3.8453707695007324
11180,2.6183738145307665,4.092224359512329
11190,2.618426178879047,3.9910695552825928
11200,2.6184784887728116,3.251941680908203
11210,2.618530744317601,3.8886053562164307
11220,2.6185829456186127,3.322711944580078
11230,2.61863509278077,3.1984994411468506
11240,2.6186871859087333,3.2480130195617676
11250,2.618739225106812,3.3300974369049072
11260,2.6187912104790394,3.170468330383301
11270,2.6188431421291805,3.7254319190979004
11280,2.6188950201606733,3.0121045112609863
11290,2.6189468446766866,3.0524375438690186
11300,2.6189986157800984,3.0073413848876953
11310,2.619050333573484,3.004859447479248
11320,2.619101998159149,3.012561559677124
11330,2.6191536096390866,3.0071682929992676
11340,2.619205168115029,3.0940022468566895
11350,2.619256673688409,3.1519527435302734
11360,2.6193081264603904,3.262786626815796
11370,2.6193595265318406,3.3974006175994873
11380,2.6194108740033544,3.278693675994873
11390,2.6194621689752364,3.34079909324646
11400,2.6195134115475156,3.0412302017211914
11410,2.6195646018199445,3.0528290271759033
11420,2.619615739892006,3.042447328567505
11430,2.619666825862897,3.0530052185058594
11440,2.6197178598315274,3.0690064430236816
11450,2.619768841896552,3.060439109802246
11460,2.61981977215635,3.0662546157836914
11470,2.619870650709014,3.0736162662506104
11480,2.6199214776523903,3.072721242904663
11490,2.61997225308403,3.07177996635437
11500,2.6200229771012156,3.1119282245635986
11510,2.620073649800986,3.3387396335601807
11520,2.6201242712800807,3.0972790718078613
11530,2.6201748416350004,3.092867612838745
11540,2.620225360961961,3.101079225540161
11550,2.6202758293569235,3.097635269165039
11560,2.6203262469155764,3.1104025840759277
11570,2.620376613733356,3.0939979553222656
11580,2.620426929905439,3.103419303894043
11590,2.6204771955267248,3.1095521450042725
11600,2.6205274106918637,3.130642890930176
11610,2.620577575495246,3.120398759841919
11620,2.6206276900310117,3.1275689601898193
11630,2.6206777543930206,3.1217851638793945
11640,2.620727768674902,3.1389405727386475
11650,2.62077773297002,3.200312614440918
11660,2.6208276473714767,3.1524925231933594
11670,2.6208775119721404,3.1364777088165283
11680,2.6209273268646083,3.1814558506011963
11690,2.620977092141228,3.1470110416412354
11700,2.621026807894103,3.169072389602661
11710,2.6210764742150863,3.1850197315216064
11720,2.621126091195774,3.195125102996826
11730,2.621175658927532,3.189890146255493
11740,2.621225177501458,3.196237087249756
11750,2.6212746470084163,3.1966588497161865
11760,2.6213240675390166,3.2368898391723633
11770,2.6213734391836354,3.23620343208313
11780,2.621422762032407,3.2413785457611084
11790,2.6214720361751978,3.251675844192505
11800,2.6215212617016657,3.237135887145996
11810,2.6215704387012058,3.2159688472747803
11820,2.621619567262975,3.212141990661621
11830,2.6216686474759077,3.233412265777588
11840,2.62171767942868,3.2489635944366455
11850,2.621766663209735,3.2461531162261963
11860,2.6218155989072747,3.6016416549682617
11870,2.621864486609277,3.331808567047119
11880,2.621913326403486,3.273838996887207
11890,2.6219621183773985,3.271944999694824
11900,2.622010862618291,3.5339181423187256
11910,2.622059559213194,3.8312301635742188
11920,2.622108208248916,3.3576812744140625
11930,2.6221568098120285,3.7277235984802246
11940,2.6222053639888676,3.532421112060547
11950,2.6222538708655536,3.6629741191864014
11960,2.6223023305279836,3.4188361167907715
11970,2.6223507430617956,3.395185947418213
11980,2.6223991085524205,3.4376275539398193
11990,2.622447427085084,3.5054214000701904
12000,2.6224956987447374,3.4535722732543945
12010,2.6225439236161487,3.522916078567505
12020,2.6225921017838534,3.482856512069702
12030,2.6226402333321435,3.4277589321136475
12040,2.6226883183451113,3.438025712966919
12050,2.6227363569066147,3.539764404296875
12060,2.622784349100301,3.5644636154174805
12070,2.6228322950095926,3.536134719848633
12080,2.6228801947176876,3.4748446941375732
12090,2.6229280483075734,3.433880567550659
12100,2.622975855862008,3.5503621101379395
12110,2.623023617463545,3.6844964027404785
12120,2.623071333194523,3.6246871948242188
12130,2.6231190031370533,3.5043702125549316
12140,2.6231666273730263,3.5906989574432373
12150,2.623214205984156,3.5544533729553223
12160,2.623261739051901,3.481689214706421
12170,2.62330922665752,3.5934219360351562
12180,2.623356668882062,3.514659881591797
12190,2.623404065806385,4.088376522064209
12200,2.623451417511106,3.6593761444091797
12210,2.623498724076631,3.504924774169922
12220,2.6235459855831884,3.5226452350616455
12230,2.6235932021107713,3.5318474769592285
12240,2.6236403737391782,3.565497875213623
12250,2.6236875005479923,3.556161880493164
12260,2.623734582616592,3.6204400062561035
12270,2.6237816200241593,3.7179648876190186
12280,2.623828612849664,3.6520230770111084
12290,2.6238755611718663,3.851876974105835
12300,2.623922465069338,3.6559195518493652
12310,2.6239693246204343,3.7104439735412598
12320,2.6240161399033086,3.7337253093719482
12330,2.6240629109959337,3.80361008644104
12340,2.6241096379760553,3.702425003051758
12350,2.624156320921233,3.6329870223999023
12360,2.6242029599088204,3.7873451709747314
12370,2.624249555015968,3.62994647026062
12380,2.624296106319669,3.6329450607299805
12390,2.6243426138966495,3.614804983139038
12400,2.624389077823505,3.639014482498169
12410,2.6244354981765827,3.7526259422302246
12420,2.6244818750320795,3.7019879817962646
12430,2.624528208465964,3.6378333568573
12440,2.6245744985540194,3.6651852130889893
12450,2.6246207453718564,3.6769115924835205
12460,2.6246669489948635,3.8180477619171143
12470,2.624713109498252,3.706571102142334
12480,2.6247592269570426,3.701957941055298
12490,2.624805301446056,3.7836461067199707
12500,2.6248513330399423,4.040066480636597
12510,2.6248973218131377,3.8038861751556396
12520,2.6249432678398925,3.7663421630859375
12530,2.6249891711943016,3.755455493927002
12540,2.6250350319502265,3.736628770828247
12550,2.625080850181388,3.957627058029175
12560,2.6251266259612516,3.7996530532836914
12570,2.625172359363189,3.7727713584899902
12580,2.6252180504603126,3.8028950691223145
12590,2.625263699325592,3.8732192516326904
12600,2.6253093060317836,3.817904472351074
12610,2.6253548706514698,3.9392380714416504
12620,2.625400393257073,3.94169545173645
12630,2.62544587392081,3.8650522232055664
12640,2.625491312714723,3.841602087020874
12650,2.625536709710662,4.023325681686401
12660,2.625582064980314,3.8760273456573486
12670,2.6256273785951825,3.8913638591766357
12680,2.6256726506265853,3.9878592491149902
12690,2.625717881145664,3.8547556400299072
12700,2.6257630702233876,3.9839084148406982
12710,2.6258082179305466,4.001713991165161
12720,2.6258533243377338,4.0098326206207275
12730,2.6258983895154033,3.8972458839416504
12740,2.6259434135338062,4.042203187942505
12750,2.62598839646303,3.9137940406799316
12760,2.626033338372988,4.05928635597229
12770,2.626078239333402,3.934656858444214
12780,2.6261230994138556,4.060242414474487
12790,2.62616791868371,4.104624271392822
12800,2.6262126972122095,4.21396279335022
12810,2.6262574350683927,4.405804872512817
12820,2.6263021323211326,4.19332480430603
12830,2.626346789039125,4.017029047012329
12840,2.6263914052909296,3.8445754051208496
12850,2.6264359811448887,3.817761182785034
12860,2.6264805166692105,3.823452949523926
12870,2.626525011931913,3.8280258178710938
12880,2.6265694670008655,3.8464441299438477
12890,2.626613881943764,3.8618457317352295
12900,2.626658256828133,3.8534696102142334
12910,2.626702591721327,3.858067274093628
12920,2.626746886690542,3.8741884231567383
12930,2.6267911418028183,3.8753912448883057
12940,2.6268353571250174,3.8763506412506104
12950,2.6268795327238346,3.9192049503326416
12960,2.626923668665811,3.909085512161255
12970,2.6269677650173264,3.8980278968811035
12980,2.6270118218445964,3.915195941925049
12990,2.6270558392136696,3.933345079421997
13000,2.6270998171904303,3.9551126956939697
13010,2.627143755840603,3.9348304271698
13020,2.6271876552297817,3.9465880393981934
13030,2.627231515423353,3.9518203735351562
13040,2.6272753364865697,3.97792649269104
13050,2.627319118484527,3.979680299758911
13060,2.6273628614821583,3.9777204990386963
13070,2.6274065655442262,4.005244493484497
13080,2.627450230735371,4.017297029495239
13090,2.6274938571200375,4.01228404045105
13100,2.6275374447625435,4.008219003677368
13110,2.6275809937270127,4.032967567443848
13120,2.6276245040774704,4.052289009094238
13130,2.6276679758777366,4.048681020736694
13140,2.627711409191497,4.058797121047974
13150,2.6277548040822953,4.0631513595581055
13160,2.6277981606134895,4.081710577011108
13170,2.627841478848323,4.08118200302124
13180,2.627884758849862,4.104628086090088
13190,2.6279280006810195,4.10403847694397
13200,2.6279712044045787,4.120337247848511
13210,2.628014370083146,4.115887641906738
13220,2.628057497779194,4.128726005554199
13230,2.628100587555047,4.139357805252075
13240,2.6281436394728708,4.16454553604126
13250,2.628186653594672,4.141467094421387
13260,2.628229629982343,4.1520960330963135
13270,2.6282725686976005,4.17009711265564
13280,2.628315469802005,4.2273948192596436
13290,2.6283583333570117,4.19404411315918
13300,2.6284011594238743,4.191044092178345
13310,2.628443948063758,4.226393938064575
13320,2.6284866993376252,4.2773354053497314
13330,2.628529413306336,4.235692501068115
13340,2.6285720900305884,4.196601390838623
13350,2.6286147295709377,4.202483892440796
13360,2.628657331987797,4.247084379196167
13370,2.6286998973414244,4.2343974113464355
13380,2.628742425691967,4.245116949081421
13390,2.628784917099387,4.228691816329956
13400,2.628827371623533,4.274459362030029
13410,2.6288697893241046,4.2889204025268555
13420,2.6289121702606613,4.28830885887146
13430,2.6289545144926114,4.298662424087524
13440,2.628996822079236,4.324992656707764
13450,2.6290390930796725,4.345556735992432
13460,2.6290813275529255,4.35187029838562
13470,2.6291235255578354,4.348508358001709
13480,2.6291656871531415,4.374511480331421
13490,2.6292078123974103,4.388599872589111
13500,2.6292499013490866,4.385741233825684
13510,2.6292919540664865,4.431926012039185
13520,2.6293339706077727,4.4970543384552
13530,2.629375951030978,4.4420764446258545
13540,2.629417895394001,4.438310146331787
13550,2.629459803754601,4.45005989074707
13560,2.6295016761704,4.475247859954834
13570,2.629543512698902,4.478669166564941
13580,2.629585313397447,4.496359825134277
13590,2.6296270783232685,4.500872850418091
13600,2.6296688075334416,4.528434991836548
13610,2.629710501084947,4.506638526916504
13620,2.6297521590345827,4.51849102973938
13630,2.629793781439056,4.547193765640259
13640,2.62983536835491,4.591187238693237
13650,2.629876919838593,4.577239036560059
13660,2.6299184359463856,4.561906814575195
13670,2.6299599167344585,4.592609882354736
13680,2.6300013622588354,4.608721494674683
13690,2.6300427725754356,4.62943434715271
13700,2.6300841477400407,4.639799356460571
13710,2.630125487808276,4.6537957191467285
13720,2.6301667928356673,4.683959484100342
13730,2.6302080628776165,4.6925108432769775
13740,2.6302492979893657,4.700906038284302
13750,2.630290498226055,4.745769739151001
13760,2.6303316636426963,4.76851749420166
13770,2.6303727942941677,4.770802736282349
13780,2.6304138902352125,4.795166730880737
13790,2.6304549515204734,4.821018695831299
13800,2.630495978204438,4.838936805725098
13810,2.6305369703414887,4.835893630981445
13820,2.630577927985877,4.839127779006958
13830,2.630618851191742,4.948455810546875
13840,2.6306597400130514,4.96470046043396
13850,2.6307005945037205,4.885558605194092
13860,2.6307414147174866,4.839798450469971
13870,2.6307822007079835,4.894115924835205
13880,2.6308229525287268,4.883790493011475
13890,2.6308636702330954,4.9053356647491455
13900,2.630904353874367,4.903762578964233
13910,2.6309450035056603,4.925734996795654
13920,2.63098561918003,4.947639465332031
13930,2.631026200950359,4.993376970291138
13940,2.6310667488694355,4.967453956604004
13950,2.6311072629899157,5.023981332778931
13960,2.631147743364347,5.022805452346802
13970,2.6311881900451426,5.046511173248291
13980,2.6312286030846126,5.046595335006714
13990,2.6312689825349453,5.040377855300903
14000,2.631309328448196,5.113202810287476
14010,2.631349640876315,5.129346609115601
14020,2.631389919871139,5.1009838581085205
14030,2.6314301654843852,5.157935619354248
14040,2.6314703777676334,5.152378559112549
14050,2.6315105567723833,5.163824081420898
14060,2.63155070254997,5.1586668491363525
14070,2.6315908151516707,5.193300485610962
14080,2.6316308946285987,5.249758720397949
14090,2.631670941031782,5.280944347381592
14100,2.631710954412122,5.226004362106323
14110,2.6317509348203965,5.286797046661377
14120,2.63179088230728,5.284849643707275
14130,2.631830796923344,5.288861036300659
14140,2.631870678719025,5.296067476272583
14150,2.6319105277446653,5.344668626785278
14160,2.631950344050466,5.340212345123291
14170,2.6319901276865467,5.585374116897583
14180,2.632029878702909,5.341920614242554
14190,2.6320695971494246,5.395451545715332
14200,2.632109283075867,5.393950462341309
14210,2.632148936531908,5.41737699508667
14220,2.6321885575670816,5.432147264480591
14230,2.632228146230831,5.454806804656982
14240,2.632267702572501,5.715396165847778
14250,2.632307226641286,5.4846930503845215
14260,2.632346718486325,5.501541614532471
14270,2.6323861781565845,5.563016891479492
14280,2.6324256057009823,5.575199365615845
14290,2.6324650011682897,5.614173412322998
14300,2.632504364607188,5.822528839111328
14310,2.6325436960662403,5.639615774154663
14320,2.6325829955938955,5.9079883098602295
14330,2.632622263238529,5.703617095947266
14340,2.6326614990483574,5.751042366027832
14350,2.632700703071541,5.730306148529053
14360,2.632739875356096,5.698211669921875
14370,2.6327790159499562,5.667997360229492
14380,2.6328181249009486,5.864304065704346
14390,2.632857202256773,5.669372320175171
14400,2.632896248065048,5.646080493927002
14410,2.6329352623732607,5.6480443477630615
14420,2.6329742452288296,5.8612847328186035
14430,2.6330131966790518,5.842499256134033
14440,2.6330521167711014,5.614135265350342
14450,2.6330910055520755,5.6045591831207275
14460,2.633129863068957,5.602158308029175
14470,2.633168689368633,5.605075836181641
14480,2.6332074844978743,5.602049827575684
14490,2.633246248503357,5.859716892242432
14500,2.6332849814316486,5.608866214752197
14510,2.6333236833292464,5.64989447593689
14520,2.633362354242495,5.862020969390869
14530,2.633400994217669,5.86515736579895
14540,2.633439603300945,5.825201511383057
14550,2.6334781815383885,5.801332712173462
14560,2.6335167289759616,5.82386040687561
14570,2.6335552456595295,5.786633729934692
14580,2.6335937316348517,5.794379949569702
14590,2.63363218694761,5.8228442668914795
14600,2.6336706116433835,5.855100631713867
14610,2.633709005767612,5.847875118255615
14620,2.6337473693656808,5.817657232284546
14630,2.633785702482864,5.791981220245361
14640,2.6338240051643256,5.8392393589019775
14650,2.6338622774551466,5.567063808441162
14660,2.6339005194003122,5.776883363723755
14670,2.6339387310446947,5.812910556793213
14680,2.6339769124330807,5.825785398483276
14690,2.6340150636101627,5.814418077468872
14700,2.634053184620516,5.76660418510437
14710,2.6340912755086503,5.845458745956421
14720,2.634129336318959,5.8005125522613525
14730,2.63416736709574,5.806625604629517
14740,2.6342053678832134,5.745302677154541
14750,2.6342433387254767,5.792389392852783
14760,2.6342812796665616,5.7872467041015625
14770,2.6343191907503707,5.776122093200684
14780,2.6343570720207525,5.803926467895508
14790,2.6343949235214357,5.777114629745483
14800,2.63443274529605,5.798614263534546
14810,2.63447053738816,5.786615610122681
14820,2.634508299841216,5.754072189331055
14830,2.6345460326985553,5.810945749282837
14840,2.6345837360034876,6.013776779174805
14850,2.6346214097991485,5.888096570968628
14860,2.634659054128652,5.792224407196045
14870,2.634696669034966,5.8639445304870605
14880,2.6347342545610006,5.913111448287964
14890,2.6347718107495703,5.857632398605347
14900,2.634809337643388,5.885648488998413
14910,2.634846835285077,5.813708782196045
14920,2.6348843037171763,5.871768474578857
14930,2.634921742982125,5.80757999420166
14940,2.634959153122285,5.801440238952637
14950,2.634996534179909,5.8270485401153564
14960,2.6350338861971903,5.838914632797241
14970,2.6350712092162043,5.784772872924805
14980,2.6351085032789463,5.7734293937683105
14990,2.6351457684273285,5.801154136657715
15000,2.635183004703179,5.828932762145996
15010,2.635220212148214,5.77211594581604
15020,2.635257390804079,5.76612114906311
15030,2.6352945407123247,5.755019187927246
15040,2.6353316619144342,5.8346662521362305
15050,2.635368754451771,5.774994373321533
15060,2.6354058183656353,5.7700207233428955
15070,2.635442853697226,5.802257061004639
15080,2.6354798604876684,5.798470735549927
15090,2.635516838777989,5.775933742523193
15100,2.6355537886091396,5.768491744995117
15110,2.6355907100219778,5.760292291641235
15120,2.6356276030572827,5.812556266784668
15130,2.635664467755735,5.735170602798462
15140,2.6357013041579416,5.78210973739624
15150,2.6357381123044177,5.743313312530518
15160,2.635774892235595,5.77888822555542
15170,2.6358116439918295,5.74461555480957
15180,2.635848367613383,5.730992794036865
15190,2.6358850631404325,5.732025623321533
15200,2.6359217306130804,5.72011923789978
15210,2.6359583700713367,5.7199060916900635
15220,2.635994981555135,5.712045192718506
15230,2.6360315651043136,5.741394519805908
15240,2.636068120758637,5.751672983169556
15250,2.6361046485577955,5.707204341888428
15260,2.6361411485413675,5.696070671081543
15270,2.6361776207488847,5.721784830093384
15280,2.6362140652197734,5.7758543491363525
15290,2.6362504819934003,5.732714414596558
15300,2.6362868711090135,5.738253831863403
15310,2.6363232326058132,5.7280051708221436
15320,2.6363595665229154,5.769391298294067
15330,2.6363958728993206,5.761447429656982
15340,2.6364321517739975,5.8387672901153564
15350,2.6364684031858046,5.870556354522705
15360,2.6365046271735215,5.9737467765808105
15370,2.6365408237758685,5.805930137634277
15380,2.6365769930314604,5.805346488952637
15390,2.6366131349788393,5.788004636764526
15400,2.636649249656468,5.855631351470947
15410,2.6366853371027457,5.805364370346069
15420,2.6367213973559864,5.812162637710571
15430,2.636757430454387,5.7636260986328125
15440,2.636793436436127,5.777902841567993
15450,2.6368294153392657,5.7493016719818115
15460,2.6368653672018034,5.796921968460083
15470,2.6369012920616552,5.756349325180054
15480,2.63693718995666,5.779349088668823
15490,2.636973060924563,5.753568410873413
15500,2.6370089050030683,5.913369178771973
15510,2.637044722229776,6.2581565380096436
15520,2.6370805126422106,7.037306308746338
15530,2.637116276277829,6.526207208633423
15540,2.6371520131740063,6.639427423477173
15550,2.637187723368035,6.6801917552948
15560,2.6372234068971565,6.7375147342681885
15570,2.6372590637985036,6.091137409210205
15580,2.637294694109154,6.1717002391815186
15590,2.6373302978661086,6.044495105743408
15600,2.6373658751062794,6.03825831413269
15610,2.6374014258665097,6.180757999420166
15620,2.6374369501835964,6.001599073410034
15630,2.637472448094216,6.051884174346924
15640,2.6375079196349818,6.032605171203613
15650,2.6375433648424678,6.06598687171936
15660,2.6375787837531357,6.100766658782959
15670,2.637614176403372,6.115915298461914
15680,2.6376495428295295,6.25040864944458
15690,2.6376848830678465,6.0450732707977295
15700,2.637720197154501,6.495026588439941
15710,2.63775548512561,6.076793909072876
15720,2.6377907470171977,6.053639888763428
15730,2.6378259828652313,6.0167248249053955
15740,2.6378611927056,6.071098566055298
15750,2.6378963765741092,6.044302225112915
15760,2.6379315345065133,5.9939374923706055
15770,2.6379666665384907,6.241396188735962
15780,2.63800177270563,6.106088399887085
15790,2.638036853043462,6.018290042877197
15800,2.6380719075874586,6.12969446182251
15810,2.638106936372984,6.13543438911438
15820,2.6381419394353713,6.042778015136719
15830,2.6381769168098597,6.081997394561768
15840,2.6382118685316147,6.190402030944824
15850,2.6382467946357604,6.144615650177002
15860,2.6382816951573087,6.203932762145996
15870,2.638316570131238,6.20775032043457
15880,2.638351419592434,6.386836290359497
15890,2.6383862435757277,6.281291246414185
15900,2.638421042115868,6.2151618003845215
15910,2.6384558152475455,6.183663606643677
15920,2.638490563005359,6.29064679145813
15930,2.6385252854238903,6.261249542236328
15940,2.6385599825375854,6.14661169052124
15950,2.6385946543808574,6.122483253479004
15960,2.638629300988056,6.322668075561523
15970,2.6386639223934627,6.1880974769592285
15980,2.6386985186312697,6.226306200027466
15990,2.6387330897356165,6.217701196670532
16000,2.6387676357405794,6.249376058578491
16010,2.638802156680147,6.263203144073486
16020,2.63883665258826,6.21226954460144
16030,2.6388711234987983,6.233368873596191
16040,2.6389055694455346,6.204942226409912
16050,2.638939990462233,6.210529088973999
16060,2.638974386582544,6.236263990402222
16070,2.639008757840068,6.362851142883301
16080,2.639043104268346,6.2236008644104
16090,2.6390774259008425,6.181434631347656
16100,2.639111722770948,6.159183025360107
16110,2.639145994912009,6.243829250335693
16120,2.639180242357317,6.178322792053223
16130,2.6392144651400358,6.156639337539673
16140,2.6392486632933334,6.182753801345825
16150,2.639282836850281,6.152397632598877
16160,2.6393169858438847,6.217506408691406
16170,2.6393511103070906,6.16537618637085
16180,2.639385210272768,6.575600862503052
16190,2.6394192857737586,6.359670162200928
16200,2.6394533368427875,6.109236478805542
16210,2.639487363512556,6.065374374389648
16220,2.639521365815689,6.088802099227905
16230,2.6395553437847417,6.09017014503479
16240,2.639589297452206,6.098525524139404
16250,2.6396232268505293,6.4179298877716064
16260,2.639657132012063,6.087003469467163
16270,2.639691012969136,6.100617170333862
16280,2.6397248697539735,6.124196290969849
16290,2.6397587023987543,6.161535739898682
16300,2.639792510935604,6.144322156906128
16310,2.6398262953965914,6.263264894485474
16320,2.6398600558136778,6.371375322341919
16330,2.639893792218831,6.57983660697937
16340,2.6399275046438806,6.9119861125946045
16350,2.639961193120672,7.140911817550659
16360,2.63999485768092,7.416492462158203
16370,2.6400284983563247,7.985280513763428
16380,2.6400621151785124,7.7970006465911865
16390,2.6400957081790235,6.465415716171265
16400,2.6401292773893896,6.430191278457642
16410,2.640162822841022,6.6530091762542725
16420,2.6401963445653163,6.935857057571411
16430,2.64022984259359,6.305535793304443
16440,2.6402633169570873,6.2698376178741455
16450,2.6402967676870106,6.27262544631958
16460,2.6403301948145073,6.270150423049927
16470,2.640363598370647,6.346416473388672
16480,2.6403969783864403,6.322371482849121
16490,2.640430334892865,6.317190170288086
16500,2.6404636679207893,6.2860753536224365
16510,2.6404969775010865,6.305866479873657
16520,2.6405302636645085,6.3151819705963135
16530,2.640563526441798,6.329972505569458
16540,2.640596765863595,6.329920291900635
16550,2.640629981960505,6.355515718460083
16560,2.6406631747630884,6.383091926574707
16570,2.640696344301825,6.365075349807739
16580,2.6407294906071295,6.399623870849609
16590,2.6407626137093856,6.561846733093262
16600,2.640795713638906,6.5537660121917725
16610,2.6408287904259313,6.417524576187134
16620,2.6408618441006566,6.45580530166626
16630,2.640894874693233,6.744524717330933
16640,2.640927882233723,6.550787687301636
16650,2.640960866752174,6.757967233657837
16660,2.6409938282785284,6.765288352966309
16670,2.641026766842713,6.610397100448608
16680,2.6410596824745602,6.636380434036255
16690,2.6410925752038787,6.681535243988037
16700,2.6411254450604122,6.738638162612915
16710,2.6411582920738352,6.681939363479614
16720,2.641191116273772,6.684569358825684
16730,2.6412239176897865,6.708906412124634
16740,2.6412566963514044,6.701859951019287
16750,2.641289452288075,6.767953395843506
16760,2.641322185529207,7.021057367324829
16770,2.641354896104152,6.786869764328003
16780,2.6413875840421825,6.721900224685669
16790,2.641420249372544,6.8175435066223145
16800,2.641452892124421,6.844990491867065
16810,2.641485512326935,6.802131175994873
16820,2.6415181100091494,6.927559852600098
16830,2.6415506852000954,6.815788269042969
16840,2.6415832379287094,6.885951995849609
16850,2.6416157682239176,6.869776964187622
16860,2.641648276114565,7.002523183822632
16870,2.6416807616294586,7.0523974895477295
16880,2.641713224797327,6.967917442321777
16890,2.6417456656468703,6.945038795471191
16900,2.6417780842067167,7.1259379386901855
16910,2.6418104805054496,7.087562322616577
16920,2.6418428545716,7.035324335098267
16930,2.641875206433647,7.187713861465454
16940,2.6419075361200006,7.014358758926392
16950,2.641939843659046,7.002493381500244
16960,2.641972129079085,7.0036420822143555
16970,2.6420043924083725,6.982558727264404
16980,2.6420366336751346,7.042078256607056
16990,2.6420688529075207,7.041815996170044
17000,2.642101050133639,7.049174547195435
17010,2.6421332253815395,7.122987508773804
17020,2.642165378679223,7.1331610679626465
17030,2.6421975100546202,7.197420358657837
17040,2.6422296195356543,7.0967042446136475
17050,2.642261707150152,7.142090082168579
17060,2.6422937729259117,7.113992929458618
17070,2.6423258168906667,7.214041233062744
17080,2.642357839072101,7.45410680770874
17090,2.6423898394978718,7.297787189483643
17100,2.642421818195549,7.235681533813477
17110,2.6424537751926724,7.226657152175903
17120,2.642485710516719,7.320039510726929
17130,2.6425176241951247,7.220992565155029
17140,2.6425495162552863,7.250046730041504
17150,2.6425813867245136,7.351061582565308
17160,2.6426132356300975,7.348988771438599
17170,2.6426450629992706,7.303002834320068
17180,2.642676868859212,7.814955234527588
17190,2.6427086532370336,7.612360715866089
17200,2.642740416159838,7.191372632980347
17210,2.642772157654657,7.142672777175903
17220,2.6428038777484555,7.1505491733551025
17230,2.6428355764681646,7.137044668197632
17240,2.6428672538406808,7.398150205612183
17250,2.6428989098928186,7.1652233600616455
17260,2.64293054465137,7.198272228240967
17270,2.64296215814307,7.201821327209473
17280,2.6429937503945973,7.22734808921814
17290,2.6430253214325807,7.250736951828003
17300,2.643056871283619,7.2399139404296875
17310,2.6430883999742427,7.286780595779419
17320,2.643119907530941,7.2980451583862305
17330,2.6431513939801534,7.255805730819702
17340,2.643182859348277,7.294078826904297
17350,2.6432143036616442,7.340511322021484
17360,2.643245726946569,7.375733375549316
17370,2.6432771292292765,7.347189903259277
17380,2.643308510535987,7.432463884353638
17390,2.6433398708928384,7.584912538528442
17400,2.6433712103259435,7.499700307846069
17410,2.6434025288613525,7.536380767822266
17420,2.643433826525083,7.509106159210205
17430,2.643465103343078,7.450082302093506
17440,2.6434963593412752,7.429339170455933
17450,2.6435275945455308,7.427037477493286
17460,2.643558808981654,7.420684099197388
17470,2.64359000267545,7.4512879848480225
17480,2.6436211756526116,7.465930700302124
17490,2.6436523279388435,7.487346172332764
17500,2.643683459559762,7.479972839355469
17510,2.643714570540965,7.528185844421387
17520,2.6437456609079906,7.519102096557617
17530,2.643776730686334,7.562150478363037
17540,2.6438077799014357,7.648742198944092
17550,2.643838808578705,7.642619371414185
17560,2.6438698167435004,7.642253398895264
17570,2.643900804421126,7.655300140380859
17580,2.6439317716368675,7.637667655944824
17590,2.6439627184159074,7.725571870803833
17600,2.643993644783457,7.747268438339233
17610,2.644024550764615,7.782185316085815
17620,2.6440554363844835,7.7315216064453125
17630,2.644086301668106,7.762845277786255
17640,2.644117146640455,7.789570331573486
17650,2.644147971326496,7.778772830963135
17660,2.6441787757511213,7.791304111480713
17670,2.6442095599392,7.8344128131866455
17680,2.644240323915545,7.902869939804077
17690,2.644271067704917,8.173571348190308
17700,2.644301791332047,7.882951021194458
17710,2.6443324948216183,7.9277873039245605
17720,2.6443631781982635,7.897839546203613
17730,2.6443938414865786,7.971421241760254
17740,2.6444244847111147,7.909277677536011
17750,2.6444551078963667,8.002825260162354
17760,2.6444857110668094,8.045546770095825
17770,2.6445162942468503,8.013746738433838
17780,2.6445468574608726,8.046384572982788
17790,2.6445774007331955,8.083523988723755
17800,2.6446079240881177,8.092684030532837
17810,2.644638427549872,8.119906187057495
17820,2.644668911142676,8.123486757278442
17830,2.64469937489066,8.371367931365967
17840,2.644729818817965,8.249316692352295
17850,2.6447602429486565,8.277653694152832
17860,2.6447906473067517,8.260080099105835
17870,2.6448210319162473,8.293348789215088
17880,2.6448513968010894,8.412697553634644
17890,2.6448817419851682,8.322808504104614
17900,2.6449120674923687,8.299659729003906
17910,2.6449423733464723,8.380792140960693
17920,2.644972659571275,8.532318592071533
17930,2.645002926190506,8.810537338256836
17940,2.645033173227864,8.559630632400513
17950,2.645063400706981,8.441236972808838
17960,2.6450936086514627,8.561568975448608
17970,2.645123797084903,8.689120531082153
17980,2.645153966030798,8.45747995376587
17990,2.6451841155126434,8.506053924560547
18000,2.6452142455538734,8.524509906768799
18010,2.6452443561778898,8.581124544143677
18020,2.645274447408051,8.561384201049805
18030,2.6453045192676847,8.614671468734741
18040,2.6453345717800407,8.685649156570435
18050,2.6453646049683845,8.692164421081543
18060,2.645394618855888,8.6587495803833
18070,2.645424613465726,8.748941898345947
18080,2.6454545888209937,8.748133182525635
18090,2.645484544944777,8.803723096847534
18100,2.645514481860098,8.99515438079834
18110,2.645544399589952,8.862683057785034
18120,2.645574298157301,8.82963514328003
18130,2.6456041775850374,8.875090837478638
18140,2.645634037896053,8.89879059791565
18150,2.645663879113159,8.905397653579712
18160,2.6456937012591624,8.975441694259644
18170,2.6457235043568215,8.999379634857178
18180,2.6457532884288235,9.070274591445923
18190,2.645783053497863,9.011028528213501
18200,2.645812799586558,9.057090044021606
18210,2.645842526717512,9.116565704345703
18220,2.6458722349132846,9.113672733306885
18230,2.6459019241963753,9.36789870262146
18240,2.6459315945892747,9.15025782585144
18250,2.645961246114415,9.130331754684448
18260,2.645990878794188,9.180718421936035
18270,2.6460204926509587,9.227481126785278
18280,2.646050087707036,9.26477837562561
18290,2.646079663984728,9.258515357971191
18300,2.646109221506241,9.291033744812012
18310,2.6461387602938204,9.31925344467163
18320,2.646168280369599,9.396404504776001
18330,2.646197781755726,9.35700273513794
18340,2.646227264474272,9.412823677062988
18350,2.6462567285473018,9.613955736160278
18360,2.6462861739968275,9.471047401428223
18370,2.646315600844822,9.573778867721558
18380,2.646345009113216,9.498901128768921
18390,2.6463743988239115,9.578530311584473
18400,2.64640376999878,9.658657550811768
18410,2.646433122659635,9.53568983078003
18420,2.6464624568282646,9.690451383590698
18430,2.6464917725264328,9.70572280883789
18440,2.646521069775826,10.007702112197876
18450,2.6465503485981325,9.804259777069092
18460,2.646579609014985,9.573835611343384
18470,2.646608851047987,9.757598876953125
18480,2.6466380747186897,9.612677574157715
18490,2.6466672800486495,9.66084623336792
18500,2.646696467059309,9.64142107963562
18510,2.6467256357721514,9.675190210342407
18520,2.6467547862085934,9.593620300292969
18530,2.6467839183900037,9.737455606460571
18540,2.646813032337725,9.531585454940796
18550,2.6468421280730547,9.751336336135864
18560,2.646871205617277,9.698387384414673
18570,2.6469002649916265,9.744477272033691
18580,2.6469293062172805,9.733917951583862
18590,2.6469583293154173,9.748946905136108
18600,2.6469873343071515,9.747230291366577
18610,2.6470163212135756,9.72098708152771
18620,2.6470452900557317,9.821399927139282
18630,2.6470742408546544,9.7867910861969
18640,2.647103173631311,9.85547399520874
18650,2.6471320884066554,9.704764366149902
18660,2.6471609852015905,9.798505544662476
18670,2.647189864036984,9.801130056381226
18680,2.6472187249336883,9.760127067565918
18690,2.647247567912511,9.754738092422485
18700,2.647276392994188,9.903599500656128
18710,2.647305200199491,9.693377017974854
18720,2.6473339895490953,9.715916633605957
18730,2.6473627610636656,9.69934368133545
18740,2.6473915147638274,9.70392894744873
18750,2.6474202506701836,9.843072891235352
18760,2.6474489688032925,9.903767824172974
18770,2.647477669183658,11.467605829238892
18780,2.6475063518317787,11.83220386505127
18790,2.64753501676812,11.20392656326294
18800,2.647563664013091,10.575780391693115
18810,2.6475922935870813,10.79589319229126
18820,2.647620905510433,10.032702684402466
18830,2.647649499803461,10.107851028442383
18840,2.64767807648646,10.03576374053955
18850,2.6477066355796817,10.126599073410034
18860,2.647735177103308,10.040091753005981
18870,2.6477637010775528,10.119773149490356
18880,2.647792207522543,10.201298475265503
18890,2.647820696458404,10.246421575546265
18900,2.647849167905206,10.170206308364868
18910,2.647877621882994,10.102431297302246
18920,2.6479060584117775,10.348264217376709
18930,2.6479344775115354,10.313090085983276
18940,2.6479628792022183,10.488662958145142
18950,2.6479912635037315,10.445714950561523
18960,2.6480196304359565,10.346893787384033
18970,2.648047980018724,10.206519842147827
18980,2.6480763122718636,10.294163942337036
18990,2.648104627215144,10.35099482536316
19000,2.648132924868312,10.289817094802856
19010,2.6481612052510815,10.34910249710083
19020,2.648189468383115,10.2359938621521
19030,2.648217714284087,10.445619583129883
19040,2.648245942973591,10.294089794158936
19050,2.648274154471209,10.320379972457886
19060,2.648302348796504,10.275957345962524
19070,2.648330525968979,10.256444215774536
19080,2.6483586860081174,10.243489742279053
19090,2.6483868289333774,10.368038415908813
19100,2.648414954764178,10.265334606170654
19110,2.648443063519901,10.302343130111694
19120,2.6484711552198874,10.290050983428955
19130,2.648499229883488,10.214696168899536
19140,2.6485272875299795,10.962828874588013
19150,2.6485553281786123,10.357407569885254
19160,2.648583351848627,10.053967952728271
19170,2.6486113585592,10.00905990600586
19180,2.6486393483295103,10.01097059249878
19190,2.6486673211786878,10.017259359359741
19200,2.6486952771258325,10.129065036773682
19210,2.6487232161899974,10.047810554504395
19220,2.6487511383902484,9.961303472518921
19230,2.648779043745566,9.94633436203003
19240,2.6488069322749217,9.995382308959961
19250,2.6488348039972776,10.252190113067627
19260,2.6488626589315323,9.96675419807434
19270,2.64889049709658,10.021968603134155
19280,2.6489183185112415,10.03411316871643
19290,2.6489461231943654,9.933431625366211
19300,2.648973911164723,9.961342573165894
19310,2.6490016824410727,9.969709396362305
19320,2.6490294370421488,9.958329439163208
19330,2.64905717498664,10.02320909500122
19340,2.649084896293208,9.932955741882324
19350,2.6491126009804824,9.894199848175049
19360,2.649140289067078,10.119185209274292
19370,2.6491679605715603,9.89560866355896
19380,2.64919561551248,9.831178665161133
19390,2.649223253908342,10.061799764633179
19400,2.6492508757776303,9.913394927978516
19410,2.649278481138795,9.842269897460938
19420,2.6493060700102586,9.933998346328735
19430,2.6493336424104137,9.941695928573608
19440,2.6493611983576186,10.227467775344849
19450,2.6493887378702126,10.589549779891968
19460,2.6494162609664813,11.74640154838562
19470,2.649443767664722,10.746721029281616
19480,2.6494712579831448,10.496171951293945
19490,2.6494987319399894,10.195178270339966
19500,2.6495261895534266,10.18590259552002
19510,2.649553630841609,10.220351457595825
19520,2.6495810558226616,10.202518224716187
19530,2.649608464514685,10.183889865875244
19540,2.6496358569357374,10.195499420166016
19550,2.6496632331038588,10.084730863571167
19560,2.6496905930370476,10.12149429321289
19570,2.649717936753282,10.053421974182129
19580,2.6497452642705195,10.247585773468018
19590,2.6497725756066757,10.004509210586548
19600,2.649799870779635,10.071578979492188
19610,2.6498271498072707,10.017131567001343
19620,2.6498544127073935,10.063989877700806
19630,2.6498816594978307,10.075491428375244
19640,2.6499088901963423,10.219404220581055
19650,2.6499361048206858,10.092307090759277
19660,2.649963303388556,10.082607984542847
19670,2.6499904859176775,10.08415675163269
19680,2.6500176524256784,10.1757333278656
19690,2.6500448029301995,10.505168676376343
19700,2.6500719374488475,10.005615711212158
19710,2.6500990559992084,10.044591665267944
19720,2.6501261585988076,10.090184926986694
19730,2.6501532452651784,10.173510789871216
19740,2.6501803160158044,10.257534503936768
19750,2.6502073708681557,10.655869483947754
19760,2.6502344098396557,10.56511664390564
19770,2.6502614329477243,9.872176885604858
19780,2.6502884402097306,9.825199604034424
19790,2.650315431643029,9.997479677200317
19800,2.6503424072649446,10.165106534957886
19810,2.6503693670927566,9.850783109664917
19820,2.6503963111437594,9.84095549583435
19830,2.6504232394351654,9.913257360458374
19840,2.6504501519842156,9.927948236465454
19850,2.650477048808072,9.90088939666748
19860,2.650503929923904,9.95567512512207
19870,2.650530795348835,9.93006706237793
19880,2.650557645099967,9.810697078704834
19890,2.650584479194387,9.862170457839966
19900,2.6506112976491307,9.870207071304321
19910,2.6506381004812187,10.215370416641235
19920,2.6506648877076597,9.816192865371704
19930,2.6506916593454086,9.908858060836792
19940,2.6507184154114003,9.870568990707397
19950,2.6507451559225537,10.037273406982422
19960,2.6507718808957743,10.170962572097778
19970,2.65079859034789,10.183705568313599
19980,2.650825284295754,9.944114208221436
19990,2.6508519627561595,10.022472620010376
20000,2.6508786257458974,10.065311670303345
