N,ratio
0,0.00010442733764648438
10,0.012418849767051095
20,0.21992669110296567
30,0.24162257495590828
40,0.3244816296835213
50,0.2877939529675252
60,0.28440366972477066
70,0.2846023688663283
80,0.15766208251473476
90,0.26453175457481165
100,0.3466829715683277
110,0.34450538289660776
120,0.3713763980826295
130,0.797686230248307
140,0.6944983818770226
150,0.5483799378606302
160,0.2898470863755338
170,0.5337853635725976
180,0.6423611111111112
190,0.7591082109842305
200,0.8
210,0.572635814889336
220,0.342725843511912
230,0.34569024334773707
240,0.44900168390666345
250,0.39753933037515127
260,0.4512674825174825
270,1.1217853347502658
280,0.9235910002227667
290,1.0621490803484994
300,0.4397885994714987
310,0.5072604065827686
320,1.7013473053892216
330,2.1843238587424634
340,1.3562466866937621
350,0.8472451336192676
360,1.0466364011555922
370,2.084379975234389
380,0.5030530355896721
390,0.5746815901196449
400,1.0554780181437544
410,1.0636866497234265
420,1.363651619399228
430,1.3325710552107155
440,1.2603891820580475
450,1.4481441881777914
460,0.8149230250589954
470,1.0336272040302268
480,1.197118918124357
490,1.2362553662927573
500,1.2517369727047147
510,1.2446795270690727
520,1.5149271274094969
530,1.4699071282113134
540,1.3170479246454818
550,1.8692970204841712
560,2.017447712783805
570,1.6029926156237855
580,1.488864701942398
590,2.4521997401150917
600,2.904781704781705
610,2.1631476368361215
620,2.8282415770046336
630,1.3141551441293648
640,1.20158863882537
650,1.8448604060913705
660,1.6510768845479589
670,1.3377265960241702
680,1.895890410958904
690,2.3129373877500465
700,1.205979942586586
710,1.7469706372276839
720,2.2232871188858905
730,1.9208706495862147
740,0.9417975689108001
750,1.4633428387452856
760,1.187658156053123
770,1.1959458115339474
780,1.4042621684264744
790,1.8050358328122746
800,1.1550541957056712
810,1.2698926146728602
820,1.3474126219587501
830,1.4204411764705882
840,1.5606423161350287
850,1.414196932140676
860,1.270795450493814
870,1.2127491021759031
880,1.4549373636963028
890,1.1210230922676403
900,1.0160300301267904
910,1.1426239165193974
920,0.9273045525659495
930,1.0340774655461151
940,1.113282155048578
950,1.0804389549281823
960,1.3590363687098874
970,1.6116604675073332
980,1.5151452527161078
990,1.5538116273454257
1000,1.3169799828345192
1010,1.2665539937068029
1020,1.4642703490389286
1030,1.267810981284252
1040,1.391751465732192
1050,1.693237485949014
1060,2.1203679549667056
1070,1.5028590831918507
1080,1.4713590813641317
1090,1.5582580231978937
1100,2.5684871116643326
1110,3.005332594618927
1120,2.1710803423399203
1130,2.1347672898789565
1140,1.7591303338844893
1150,1.7862525929352773
1160,1.9235818388265853
1170,1.91655797727737
1180,2.1485794707619976
1190,2.541826117694069
1200,1.9385449818458917
1210,1.8620979888367148
1220,1.89777246834982
1230,1.837647160044166
1240,1.6233396699318312
1250,2.0558123906519747
1260,1.7367603161648797
1270,1.7863734464538215
1280,2.1874350355701346
1290,2.0414834840352234
1300,2.386275638342403
1310,2.2324166902914873
1320,1.9314027080864369
1330,1.9282732590111484
1340,1.9789330417384021
1350,1.68463959270915
1360,2.1011409154327376
1370,2.1923612358541407
1380,1.9730717892171088
1390,2.0602375731422744
1400,2.4029009323610304
1410,2.2737191384061637
1420,1.9855216338914234
1430,1.937420365535248
1440,1.677470995931897
1450,2.1792470120674854
1460,2.237534206513338
1470,1.9698187701606749
1480,2.1573119748333953
1490,2.037702731166187
1500,2.25413179654222
1510,2.3019400187441423
1520,1.7874186550976139
1530,2.024140664408734
1540,2.3854438992944886
1550,2.085141400746739
1560,2.252779884327574
1570,2.4316849597060806
1580,2.8014373939109394
1590,1.870805892818128
1600,2.0956518093001804
1610,2.8792165874366304
1620,2.49942248123064
1630,2.555754590237349
1640,1.964706416739848
1650,2.268904213637355
1660,1.9753128170443017
1670,1.8709400528111384
1680,2.386572756592677
1690,2.248206098074585
1700,2.1443883984867593
1710,2.166018976839179
1720,2.2461687842476064
1730,1.881695637982402
1740,2.674021925676859
1750,2.7524791864073315
1760,2.6700750595532385
1770,1.9123729303684371
1780,1.907382108353125
1790,1.7072833899655069
1800,1.9365419493084286
1810,2.016858378317271
1820,2.011015540396063
1830,2.1855414854107735
1840,1.632677806630898
1850,1.446115187253564
1860,1.7401805236306553
1870,2.0744104234527687
1880,1.8672490601019724
1890,1.7656113134479738
1900,1.537718953189717
1910,1.426182694451428
1920,1.7506791200915512
1930,1.7771006956295106
1940,1.5667242385075548
1950,1.611589400387685
1960,1.8012082853855005
1970,1.7054498269896194
1980,1.8338554274051924
1990,1.7965740192739332
2000,1.4852678392161587
2010,1.909912005491856
2020,1.73694584078839
2030,1.6187130990620928
2040,1.7600964192210502
2050,1.6051406285754082
2060,1.7197269794261811
2070,2.0507638964134793
2080,1.715828163258774
2090,1.5718661975170478
2100,1.9430101462801133
2110,1.9047057522939161
2120,1.7282429915270507
2130,1.8560975609756099
2140,1.5757650924101523
2150,1.6558818555887491
2160,2.248836511034379
2170,1.7570054130563684
2180,1.5590597121949699
2190,1.9855683088655305
2200,1.8844331649575958
2210,1.7116486165749367
2220,1.7135426302225625
2230,1.7942828091419591
2240,1.8497175567835924
2250,1.8894844240091246
2260,1.6613087161729083
2270,1.9675340143845343
2280,1.8652025404763846
2290,1.7846379881778112
2300,1.7326557439361425
2310,1.7453509372345601
2320,1.6671208028394635
2330,1.4962393376488115
2340,1.5711757924870093
2350,1.40777479114163
2360,1.5751358170103182
2370,1.5409612778058308
2380,1.5936605736499339
2390,1.6020522256032836
2400,1.5493758472754249
2410,1.4984258088312783
2420,1.6173688448725787
2430,1.590058949359095
2440,2.2393625896879694
2450,2.131656045184089
2460,1.8335457897851806
2470,1.6742837035948908
2480,1.8915655844816093
2490,1.5585885574080565
2500,2.0645575566550236
2510,1.6910321417653198
2520,1.7913224586367196
2530,1.7491592078824933
2540,2.0243545276610444
2550,1.6656056859350403
2560,2.0361671140556283
2570,1.7328751107407858
2580,1.867689541855701
2590,1.497915770763453
2600,1.6811158848941243
2610,1.6231770817976494
2620,1.7031889399836313
2630,1.698247596790826
2640,1.7725260837978254
2650,2.0069120310148696
2660,1.9077228425740658
2670,1.8755374672111198
2680,2.1658898312663433
2690,1.8129367752063605
2700,1.7994247467112283
2710,1.9499216690995453
2720,1.7392015592913577
2730,2.0282207118522195
2740,2.1546562618694107
2750,1.8358059723342688
2760,2.099959334959935
2770,1.9615312356260406
2780,1.856777730232343
2790,1.9528382204446908
2800,2.194882754565784
2810,1.7322670794101207
2820,2.0837834699174844
2830,1.8269437424278958
2840,1.6742722406778014
2850,1.6624924763370814
2860,2.224221218536224
2870,1.9641323604480077
2880,2.1626092589636947
2890,2.0029547919881443
2900,2.000344947550283
2910,1.9503403348810862
2920,2.239560815349479
2930,1.846457680074151
2940,1.9728954912692207
2950,1.7356988194050627
2960,1.8642381715911962
2970,1.7628386092371562
2980,2.0475403323267036
2990,1.9500274779816487
3000,2.085852114696766
3010,1.9722781822690707
3020,2.1205572644199466
3030,2.001479310240724
3040,2.014125800981516
3050,1.9602795519254235
3060,2.1219458339580464
3070,1.9779976859729123
3080,2.2460736909179504
3090,1.6357454598220764
3100,2.043618574654327
3110,1.6949686603103842
3120,1.8529232578653336
3130,1.757398646941336
3140,1.9561803661623882
3150,2.05933242523352
3160,2.0066294955554262
3170,2.1154584776639087
3180,2.190979225494151
3190,2.3242526843836413
3200,2.0718694874391366
3210,2.19710570025091
3220,2.0370864352436073
3230,2.0920368830551763
3240,2.03900176625374
3250,2.2274787577055384
3260,2.125937045911641
3270,2.2143528636723193
3280,2.1409902562459044
3290,2.1966439495904044
3300,2.080531032163455
3310,2.170582703477179
3320,2.1122211129888666
3330,2.1878925483032523
3340,1.5589295986920233
3350,1.510007852083804
3360,1.3995511578997397
3370,1.5654176722408906
3380,1.5195259656772317
3390,1.7615786331904733
3400,2.0087651859398665
3410,2.0901735623751714
3420,2.0422150859561183
3430,1.9138496129580742
3440,1.95282297488026
3450,1.6403157263573842
3460,1.4975017413021767
3470,1.8983094903984705
3480,2.093613226428199
3490,2.1526273262395774
3500,1.9889126229473897
3510,1.8783553881964365
3520,2.0566911336271456
3530,2.0701593694855704
3540,2.0785230147883893
3550,2.0415799162919632
3560,2.001549895215673
3570,1.962441734734135
3580,1.9453775218347078
3590,2.057326431799144
3600,2.0188739901328465
3610,2.107742146559729
3620,2.024274669093708
3630,2.081033410975217
3640,1.995842007034671
3650,2.096990078718152
3660,2.0576503697790116
3670,2.1226792279831455
3680,2.043304184614942
3690,2.0408576707400083
3700,2.0400957360604037
3710,2.0643274431371843
3720,2.096021690352883
3730,2.112383144329247
3740,2.055623035978823
3750,1.793429566191285
3760,1.5162206961875444
3770,1.9534765124383167
3780,2.041601122545705
3790,2.0974533374131226
3800,2.466196567800284
3810,2.075692045955336
3820,2.0051495342321894
3830,2.0597709060183167
3840,2.121253723783564
3850,2.1734642476415846
3860,2.1445988129625158
3870,2.045519528603353
3880,1.9866738614561243
3890,2.0246294780869247
3900,2.0422362264621117
3910,2.0927548192741607
3920,2.085544945027047
3930,2.0623104008886033
3940,2.0970034074806603
3950,2.112609900231608
3960,1.6557516796179375
3970,2.105148081251742
3980,2.077980759422655
3990,2.051667718888104
4000,2.143558998765686
4010,2.2375684713428883
4020,2.2477700841583994
4030,2.455556879449525
4040,2.582409357892291
4050,2.117065213565744
4060,2.0852873197384074
4070,2.098200622658435
4080,2.011927990492015
4090,1.9909794311597568
4100,2.122021389987896
4110,2.2178369136576874
4120,2.2329039219082456
4130,2.2919385518492392
4140,2.313306457281291
4150,2.2462610953701287
4160,2.4530710045821955
4170,2.2962328661825024
4180,2.287707177885123
4190,2.2346937525082793
4200,2.280686754570433
4210,2.3268217591769487
4220,2.272222423703919
4230,2.2825726647955977
4240,2.2729432421886724
4250,2.2265484607017876
4260,2.240914913773468
4270,2.2478790848000467
4280,2.278657004930793
4290,2.261765076824723
4300,2.2841141134613014
4310,2.2369058758607454
4320,2.273955828689937
4330,2.3090276934245444
4340,1.8624670234459961
4350,2.2220153861825773
4360,2.2371763493143493
4370,2.1402443712173227
4380,2.283792439856838
4390,2.3457415475619987
4400,2.269837642254616
4410,2.128633262791783
4420,2.2465530020218756
4430,2.274581952375069
4440,2.227494178875088
4450,2.252103142048348
4460,2.2400926921902182
4470,2.2472794786697454
4480,2.2836293650918513
4490,2.2225269891623185
4500,2.230388142862818
4510,2.2320925286169326
4520,2.2852777313391055
4530,2.130679376537262
4540,2.2636140358973176
4550,2.4182507518623915
4560,2.2499890483586933
4570,2.214005110562445
4580,2.2611006369426754
4590,2.0727767090897316
4600,2.6467603645001287
4610,2.3049631594735462
4620,2.2469039960225468
4630,2.206478180393798
4640,2.266871394141238
4650,2.1467563500786917
4660,2.4198533699394815
4670,2.1981279214608214
4680,2.2223025409829384
4690,2.252500429525271
4700,2.2934315948424433
4710,2.213548956054654
4720,2.2245912695488275
4730,2.3885927267867486
4740,2.0119194487826553
4750,2.1866829895616577
4760,2.204540897038836
4770,2.200208119664525
4780,2.125719923562221
4790,2.0684242851152006
4800,2.3103904511342113
4810,2.2749966739245417
4820,2.245517548356665
4830,2.2757214564593484
4840,2.2297877259080416
4850,2.361821351804773
4860,2.3414903371880285
4870,2.289521623936057
4880,2.332637054286004
4890,2.312448677426468
4900,2.302024166119378
4910,2.289491411949875
4920,2.328359303274508
4930,2.3413651415047307
4940,2.361356357819412
4950,2.3022609417982163
4960,2.35524119145945
4970,2.3090643597992746
4980,2.1702791285779224
4990,2.3291351037659784
5000,2.3529565875923613
5010,2.388059362287221
5020,2.291102050003115
5030,2.279262681900892
5040,2.3589670195220953
5050,2.29635058310256
5060,2.3580018957002986
5070,2.2934926787679313
5080,2.3576356129698173
5090,2.2631851188305614
5100,2.3267572248702972
5110,2.384701335871356
5120,2.343190607392908
5130,2.307652990731231
5140,2.3574020681259316
5150,2.2785336768138555
5160,2.3466830074166958
5170,2.3453432837813226
5180,2.1119029181325075
5190,2.2864762946733626
5200,2.3410019129855533
5210,2.3586770987670365
5220,2.3485329806669757
5230,2.3588919993543476
5240,2.3914403610672634
5250,2.2961064961311655
5260,2.3350323617801636
5270,2.352975744265679
5280,2.343592797138849
5290,2.2799368254706707
5300,2.4240581446608416
5310,2.3181616106606797
5320,2.4233936673157843
5330,2.5871740557477065
5340,2.4034013011477
5350,2.3490719491415426
5360,2.322796151954344
5370,2.3862779842644333
5380,2.3481104266484145
5390,2.3063443281758333
5400,2.4799158933374597
5410,2.419227780436417
5420,2.297056033081425
5430,2.328858277327819
5440,2.3794295295653924
5450,2.330585395219931
5460,2.410885554993841
5470,2.4586560051322
5480,2.8912281246121383
5490,2.6349880970349835
5500,2.702222080694054
5510,2.6624086705717414
5520,2.4361154444830273
5530,2.347797413669512
5540,2.4005822737712528
5550,2.3407814809860437
5560,2.4052038256125874
5570,2.329515358535994
5580,2.359138300272878
5590,2.409147046881928
5600,2.393607474505007
5610,2.3116518308904292
5620,2.369651873283477
5630,2.341142613201437
5640,2.324208799239815
5650,2.3304609821250493
5660,2.3842610475816293
5670,2.390747942406786
5680,2.3247286441679735
5690,2.3384240905865092
5700,2.3835726623021523
5710,2.3709817288449964
5720,2.3443135908113084
5730,2.341199695485437
5740,2.3621765232931975
5750,2.3374235908492595
5760,2.369474305723617
5770,2.26864325436124
5780,2.2545621854477327
5790,2.20517233035692
5800,2.3646574687947934
5810,2.2935054368940913
5820,2.364620796044867
5830,2.2966983739392943
5840,2.31354773076664
5850,2.400802933040872
5860,2.3330904461522897
5870,2.328904909080452
5880,2.367273783631923
5890,2.312777179539663
5900,2.402704622569505
5910,2.3154701568736655
5920,2.2621773025597407
5930,2.327749638978924
5940,2.3138659750910104
5950,2.297476026979879
5960,2.307809652613921
5970,2.310027369634111
5980,2.3444878183752698
5990,2.3015747145909886
6000,2.362231310979649
6010,2.35843325619478
6020,2.3023649645415283
6030,2.324171346029227
6040,2.253233754076269
6050,2.3549902574320307
6060,2.3649048218597635
6070,2.3035440557269533
6080,2.3588258872355143
6090,2.27988361375421
6100,2.384964821893524
6110,2.328765221254912
6120,2.3459763238917946
6130,2.3380243300625465
6140,2.2950714057762887
6150,2.3452409204788474
6160,2.3420943946810744
6170,2.360122072526238
6180,2.4860580312988683
6190,2.2900660510012054
6200,2.3279025428809725
6210,2.331512070239726
6220,2.341108681129543
6230,2.339507527629514
6240,2.3173288385170507
6250,2.3487323481655213
6260,2.282652381219643
6270,2.2482708240511906
6280,2.1683553335064056
6290,2.3101040042913983
6300,2.298166606685004
6310,2.372514503924215
6320,2.437885265508669
6330,2.3044479704525593
6340,2.4069504845475147
6350,2.3014654352700967
6360,2.3959008975396583
6370,2.341124081730609
6380,2.4171577564318136
6390,2.373788936479414
6400,2.3276615055496337
6410,2.3223191836821426
6420,2.3604992152904662
6430,2.328611858182114
6440,2.3393456239559867
6450,2.316705511026823
6460,2.3282167870721158
6470,2.370935877502078
6480,2.3221692564474794
6490,2.1913661210949313
6500,2.176552700112794
6510,2.288785603862563
6520,2.366200950265816
6530,2.2959425627904633
6540,2.3409930343222967
6550,2.3100573457819236
6560,2.3585814321905865
6570,2.3107697184928946
6580,2.322527344440969
6590,2.2741577771607577
6600,2.332720004483216
6610,2.3004086768797403
6620,2.384846459015798
6630,2.3867830662576077
6640,2.371069128737793
6650,2.374710387906382
6660,2.3251363534452554
6670,2.260078277677968
6680,2.3841350514978767
6690,2.2464824138987116
6700,2.270469767115193
6710,1.7147000479548045
6720,2.042074136275252
6730,2.533730665940614
6740,2.4099472316210564
6750,2.5430137128639347
6760,2.6119267216676216
6770,2.5934371635269935
6780,2.617332672200619
6790,2.515105109441035
6800,2.504750267634278
6810,2.502917304325009
6820,2.5449697241166462
6830,3.2076531284139094
6840,3.054810561928299
6850,3.351656112215786
6860,3.6628416321559207
6870,3.708455595249789
6880,3.5019712162096175
6890,3.667268363318985
6900,3.4299079038043025
6910,3.506755650420358
6920,3.487540327152814
6930,3.510402478617893
6940,3.4717115700915535
6950,3.6604316236188974
6960,3.5254805842254546
6970,3.3970315095281345
6980,3.6880312620733893
6990,3.7320660206295124
7000,3.655198514448248
7010,3.657575487663668
7020,3.679394849159811
7030,3.5554747577489674
7040,3.690375573822343
7050,3.651709202776822
7060,3.6593818896592025
7070,3.6838361717190833
7080,3.6043770879658106
7090,3.6880270962667434
7100,3.557107101677702
7110,3.674591061987534
7120,3.6676882439180023
7130,3.5136477944739744
7140,2.863645195411054
7150,2.619473103133209
7160,2.817016696240414
7170,2.7178632904480136
7180,2.7973351877317505
7190,3.541292363420673
7200,3.174872882277988
7210,2.691308169586624
7220,2.7261389142050003
7230,2.8927820168810108
7240,2.8291397547817465
7250,2.8373079686263853
7260,3.6387637502067163
7270,3.474364857061106
7280,3.233854684927971
7290,3.2684477073235256
7300,3.718527344295139
7310,3.6276469658100496
7320,3.668958222659795
7330,3.86371120848667
7340,3.909972182815995
7350,3.7315381963214733
7360,3.6829697694342713
7370,3.9224979460751364
7380,3.9029890750022185
7390,2.768922876369011
7400,2.6949405850666475
7410,2.6734642472069923
7420,2.5694613541146425
7430,3.4985916037118767
7440,3.1593706105366013
7450,2.5811186952240184
7460,2.4819229793222592
7470,2.4417705022062637
7480,2.4554569376476785
7490,2.346521471096308
7500,2.3533171231536367
7510,2.444328084222199
7520,2.446637959559525
7530,2.4400604422721166
7540,2.451720104348849
7550,2.499556500734999
7560,2.6921088000354345
7570,2.6851302524605356
7580,2.5296237134153436
7590,2.36298567575646
7600,2.2962885726672555
7610,2.3140653723219264
7620,2.3644792610990244
7630,2.343195226141942
7640,2.339378572588156
7650,2.344917842636317
7660,2.418789544525556
7670,2.44188466039969
7680,2.3704989038718614
7690,2.4134860089377197
7700,2.453852723369324
7710,2.4212535410115
7720,2.377140444854316
7730,2.4152170401093223
7740,2.4544869685106487
7750,2.401510600797943
7760,2.4269895952649527
7770,2.2964245280535005
7780,2.438020991573338
7790,2.4639997609811375
7800,2.4346492660465135
7810,2.4477708981555315
7820,2.4279372161939854
7830,2.409006006092341
7840,2.4214280775990784
7850,2.434912133747796
7860,2.315377091322267
7870,2.3881400543354725
7880,2.4145203840365923
7890,2.3739395991656522
7900,2.436694031409481
7910,2.4361728807891656
7920,2.422829564304817
7930,2.412224457605504
7940,2.3609683701149202
7950,2.377759121538793
7960,2.3859672749869585
7970,2.4826544922560396
7980,2.4251971811932793
7990,2.4556831041608853
8000,2.544568859348217
8010,2.4168398585907136
8020,2.456688195907519
8030,2.4435886117204664
8040,2.408936246197294
8050,2.4282381596390428
8060,2.4899658158961153
8070,2.458967361072913
8080,2.38404547900633
8090,2.440257086127424
8100,2.4307075667101956
8110,2.4130421950475665
8120,2.4953862118965318
8130,2.431204274517915
8140,2.4902468998621234
8150,2.4580792581170563
8160,2.5229396546517604
8170,2.499900248266485
8180,2.867908350147239
8190,3.080428513253149
8200,2.479697133696738
8210,2.449131041931025
8220,2.534818307782437
8230,2.4596175439147014
8240,2.459120166197775
8250,2.206767910898019
8260,2.303091630416719
8270,2.2193057699387158
8280,2.397587811373061
8290,2.3319600356218486
8300,2.3515974080474233
8310,2.297416108398222
8320,2.31022230252649
8330,2.3606826533599583
8340,3.476603944266913
8350,2.4215620798787674
8360,2.4477595943803294
8370,2.4922032151763767
8380,2.4523900620766614
8390,2.3084331838766294
8400,2.4508480199387845
8410,2.475333274864059
8420,2.7158713596964255
8430,2.806453247734223
8440,3.0130478506904876
8450,2.5098315513970397
8460,2.5017503271264108
8470,2.4513513394894844
8480,2.4806401760628085
8490,2.4302533493299205
8500,2.3353778980558966
8510,2.3998373770848356
8520,2.477745979101375
8530,2.4410666326676513
8540,2.4761038459472293
8550,2.3673221232335857
8560,2.483859052646813
8570,2.6578872557708304
8580,2.2731539938615524
8590,2.4415176025065697
8600,2.9421692937297688
8610,2.71515391682639
8620,2.816707632020754
8630,2.6549982588731846
8640,2.4577234809210244
8650,2.4578341448216223
8660,2.4731345795808615
8670,2.481435692104568
8680,2.4558087561975066
8690,2.471968376160997
8700,2.5958149248171156
8710,2.4626444584748635
8720,2.4335551527203747
8730,2.484412044330729
8740,2.531452640855229
8750,2.479578217902114
8760,2.4889006369379234
8770,2.492286372900299
8780,2.470499652612669
8790,2.507595024088785
8800,2.513795379627605
8810,2.496742211847598
8820,2.450016102443216
8830,2.476437856082691
8840,2.497885215743023
8850,2.487127153324313
8860,2.528795720859544
8870,2.5001449050592566
8880,2.495588570443455
8890,2.5080470930462386
8900,2.4772557693332624
8910,2.474895620902839
8920,2.3941105600747945
8930,2.468173263164133
8940,2.52243003696989
8950,2.4450817292742646
8960,2.4933832206489885
8970,2.454405654567876
8980,2.4865487222690255
8990,2.4616628165456227
9000,2.5047529430381537
9010,2.625248676322898
9020,2.6895046333711803
9030,2.4846759555774267
9040,2.222759174654901
9050,2.4304581296590633
9060,2.501673133966127
9070,2.4914324819999334
9080,2.471174896251721
9090,2.4932799956038343
9100,2.4514246143124523
9110,2.479202608166106
9120,2.4536070305424675
9130,2.5028854105483793
9140,2.45398753661822
9150,2.4149447350206574
9160,2.43900828812322
9170,2.455846473620756
9180,2.459446452578112
9190,2.46715326990147
9200,2.482985457372873
9210,2.351288162802519
9220,2.4541046408385725
9230,2.431854542116217
9240,2.4420729547400857
9250,2.441758007277301
9260,2.4492992620302516
9270,2.459732137873429
9280,2.418414331186436
9290,2.4168475716514157
9300,2.2519240924377564
9310,2.3407381834059175
9320,2.247540989471898
9330,2.357862880318036
9340,2.3647238817038643
9350,2.3293279885195943
9360,2.397337334294561
9370,2.358596106024378
9380,2.4074157359848782
9390,2.3458465601826872
9400,2.33851268917736
9410,2.3471158260594147
9420,2.3568292037093816
9430,2.3615491175978587
9440,2.312222725738061
9450,2.3537945896055037
9460,2.3368923693567103
9470,2.363444022376559
9480,2.3214648650490295
9490,2.3540757372836927
9500,2.3019412763400484
9510,2.3389723847361417
9520,2.339195615127524
9530,2.524827178796231
9540,3.492707040024654
9550,3.24828636361209
9560,2.955439419827696
9570,2.983147765776347
9580,2.974290722714922
9590,2.5594896017860727
9600,2.62043627024756
9610,2.56888557513608
9620,2.5487749694559385
9630,2.34219139027746
9640,2.717236199869296
9650,2.450196343106655
9660,2.8687550282816083
9670,2.9441947331288496
9680,3.015003893476068
9690,2.617914483546148
9700,2.4720651229815624
9710,2.4998429091980556
9720,2.430258048191976
9730,2.385717743923086
9740,2.33531413541615
9750,2.357111261897339
9760,2.3750731538478003
9770,2.4177667799427187
9780,2.4212196889587596
9790,2.49224650896691
9800,2.4585027806965836
9810,2.471957752954416
9820,2.4072295444993004
9830,2.370697043998563
9840,2.3178460755479744
9850,2.3621882214708503
9860,2.4245611838860737
9870,2.449640467316861
9880,2.459360221226576
9890,2.441557377297195
9900,2.470411671891343
9910,2.4384427165707976
9920,2.4692014829164566
9930,2.4727663122193055
9940,2.3840759572922288
9950,2.5327646312776313
9960,2.587424056420675
9970,2.4843833606555608
9980,2.3866142874212724
9990,2.40974637899637
10000,2.4071787140228618
10010,2.4314990306966773
10020,2.4468453182879717
10030,2.539914347225768
10040,2.3809496255294484
10050,2.4999782857378543
10060,2.4719510933648343
10070,2.6693152820728474
10080,2.5191428589084026
10090,2.569738431422537
10100,2.674717809633279
10110,2.541218422762171
10120,2.555684432924094
10130,2.749239133498333
10140,2.749471371622619
10150,2.613862870005958
10160,2.5584748083242057
10170,2.6968688456689605
10180,2.483156416181047
10190,2.6303263851867817
10200,2.472197349908852
10210,2.453831189005575
10220,2.635862941054575
10230,2.965594692615038
10240,2.523360144704522
10250,2.5147849283369985
10260,2.596206119569958
10270,2.478619941208362
10280,2.4165309058614155
10290,2.431274169604009
10300,2.469878604590358
10310,2.4493696723618794
10320,2.5022389357731454
10330,2.4856096345773584
10340,2.5190991917940755
10350,2.4790484419100283
10360,2.417101224398118
10370,2.4792406662291437
10380,2.2153625413282043
10390,2.3694650166323705
10400,2.3944284239326716
10410,2.4526288464316672
10420,2.4491144798513917
10430,2.452524072242576
10440,2.4009512274093376
10450,2.419397280471569
10460,2.507027392037851
10470,2.6040417060544527
10480,2.4188759406376215
10490,2.4338563317477027
10500,2.4085512994879017
10510,2.423242168871504
10520,2.424183343921201
10530,2.433092801777313
10540,2.4602969874563483
10550,2.539948226403917
10560,2.392949861052993
10570,2.456421983030751
10580,2.4384558606500737
10590,2.436457620422283
10600,2.4479419864554397
10610,2.433913822805383
10620,2.445976323207884
10630,2.410299948498972
10640,2.4479258009241756
10650,2.4641017333479254
10660,2.4535533569401706
10670,2.4187024966779256
10680,2.4533663471633753
10690,2.391768322104173
10700,2.4433624639982
10710,2.31934882768423
10720,2.455684647977675
10730,2.1529865527494714
10740,2.4327699139131895
10750,3.4712060913449374
10760,3.009020758725782
10770,2.595743683439187
10780,3.553186586092939
10790,3.044013588742369
10800,2.7520963383956025
10810,3.5848412772110154
10820,2.616940825751812
10830,2.368575195629351
10840,2.9247868970097
10850,3.543442504935539
10860,3.255559746176492
10870,2.8197538967209366
10880,3.2316192527708365
10890,3.777056426925564
10900,3.599575002680746
10910,3.7050014410758587
10920,3.5868627710429672
10930,3.7619976779880497
10940,3.826095347456082
10950,3.788834056216062
10960,3.3707380226802868
10970,3.6803857734718384
10980,2.7916421633887487
10990,2.8116104336296464
11000,2.657266063656567
11010,3.042462531006768
11020,3.297074527273541
11030,3.001289129493089
11040,3.6464979344137056
11050,3.727937804132296
11060,3.7253398075328676
11070,2.764797615733513
11080,2.5653194305699434
11090,3.3451822427094635
11100,3.7596608546854067
11110,2.768980659650753
11120,2.7558039950415294
11130,2.762099730120501
11140,3.4922094061675124
11150,3.7958287128728854
11160,3.0291476478770414
11170,3.227151392042777
11180,3.407913157549365
11190,3.2693245446999657
11200,2.6910403104644636
11210,3.219961996140387
11220,2.7116518149522695
11230,2.6294724425838982
11240,2.585415483698573
11250,2.7222204681439903
11260,2.547109399661047
11270,2.8153381358323335
11280,2.431768075012906
11290,2.4875743215923305
11300,2.4613795913397367
11310,2.440036103095945
11320,2.455614276752392
11330,2.440337201673432
11340,2.49444653855092
11350,2.5393521124055205
11360,2.620668227244908
11370,2.766544295734219
11380,2.637955353345737
11390,2.677626423267977
11400,2.240013851869985
11410,2.436219697306981
11420,2.420764096440167
11430,2.427674801741903
11440,2.359168639002285
11450,2.4472207701291557
11460,2.4530635818745576
11470,2.414178349123322
11480,2.4442496274243024
11490,2.3024118536161184
11500,2.4708816471669723
11510,2.6170531222750104
11520,2.4493257766012806
11530,2.4540123351111034
11540,2.442725152434759
11550,2.443412179952036
11560,2.35419796415426
11570,2.4557723528310844
11580,2.442616998227244
11590,2.456882418618074
11600,2.4292309855402787
11610,2.4342477516795564
11620,2.424551896931766
11630,2.4238133441834067
11640,2.4424229753039377
11650,2.4840275970907655
11660,2.421442062896454
11670,2.376345364079007
11680,2.4746756391014535
11690,2.5144765765149653
11700,2.500786525457706
11710,2.4593867099376303
11720,2.4517969527545227
11730,2.4329420985206176
11740,2.4314536679501666
11750,2.4173159594039393
11760,2.4601245636819185
11770,2.420202065948158
11780,2.404703341564019
11790,2.4390418244585956
11800,2.461264206731567
11810,2.476965394195321
11820,2.41819670268585
11830,2.4182466263444695
11840,2.4677251438616175
11850,2.441406069986833
11860,2.696745831226089
11870,2.4933686179169894
11880,2.3701160662442686
11890,2.4409705732421085
11900,2.6158458665093876
11910,2.8341614525608674
11920,2.4263460422238365
11930,2.6899964076504657
11940,2.562411536902342
11950,2.6474104409482524
11960,2.4978266269466207
11970,2.4687081879862935
11980,2.501561474740023
11990,2.2608368391407567
12000,2.516014495107302
12010,2.558836145576875
12020,2.4115363884961325
12030,2.477178850771175
12040,2.462188152572384
12050,2.3620790708774164
12060,2.4288236102586565
12070,2.5085636164147975
12080,2.4792586458598773
12090,2.440939067613187
12100,2.5110276610526174
12110,2.607183111874267
12120,2.5738592211230955
12130,2.4867803875470087
12140,2.5500862531392485
12150,2.500470542970192
12160,2.437852491462745
12170,2.5129225765823535
12180,2.4644946178028118
12190,2.871872142952724
12200,2.558666739127463
12210,2.456339041062129
12220,2.465389951751923
12230,2.3437059674341354
12240,2.4837778953665697
12250,2.487153966148441
12260,2.49735113681646
12270,2.575937527100635
12280,2.3196770317719397
12290,2.586951317714963
12300,2.43078956554381
12310,2.483856963873882
12320,2.569644373763614
12330,2.642288246729995
12340,2.5384584955039045
12350,2.484992865238627
12360,2.5861850471455674
12370,2.420375951491689
12380,2.4886094456152636
12390,2.461964688478857
12400,2.3223946551457337
12410,2.3045637221484276
12420,2.5170968235058204
12430,2.4817048386821323
12440,2.2786412433904824
12450,2.4418214158369502
12460,2.5814470111959054
12470,2.482994590160583
12480,1.997982476277143
12490,2.609462510077494
12500,2.8100867340457745
12510,2.575120745188754
12520,2.44680866882272
12530,2.593605626279594
12540,2.4546730163463635
12550,2.441199624631989
12560,2.3718176821702692
12570,2.261695918552277
12580,2.196714836341591
12590,2.449714637796287
12600,2.505020223560448
12610,2.5640107188880363
12620,2.3774353813700992
12630,2.2642326692915473
12640,2.412569467028653
12650,2.346240839955853
12660,2.6092235518434586
12670,2.44771883802677
12680,2.5391097393473423
12690,2.4188330369637634
12700,2.5177326048311737
12710,2.4896302519562497
12720,2.4960610709499957
12730,2.4163769056449813
12740,2.4865118745690937
12750,2.3174007615289534
12760,2.401195190355212
12770,2.4358974850981023
12780,2.4711206422458987
12790,2.4881075225180695
12800,2.563362904579035
12810,2.5951817631431453
12820,2.529719758708278
12830,2.321408460445865
12840,2.1647854548617906
12850,2.3405488625729993
12860,2.268032384048968
12870,2.2009756675311514
12880,2.1300055239923994
12890,2.329500773443922
12900,2.3543977922362638
12910,2.3586478640354565
12920,2.247468930079401
12930,2.355291911071209
12940,2.3284913421605973
12950,2.3626328486619377
12960,2.251619271712592
12970,2.267401261794304
12980,2.3368889555515677
12990,2.34376205345137
13000,2.3366063866513964
13010,2.3692124935848895
13020,2.3529855764904855
13030,2.369911987266778
13040,2.2241091537068525
13050,2.2178275612689884
13060,2.365107210983413
13070,2.378568125524053
13080,2.378198545227898
13090,2.3378184005512277
13100,2.243382852268798
13110,2.344024629349328
13120,2.3811019606771833
13130,2.3649300300201603
13140,2.34564704767096
13150,2.2500849949768793
13160,2.2770546239813068
13170,2.34622476101502
13180,2.378495631449365
13190,2.2899035354547177
13200,2.3141264179457424
13210,2.2776683066013295
13220,2.2935772380120873
13230,2.269174020382111
13240,2.3921471527587856
13250,2.2608850481284537
13260,2.3582414159886413
13270,2.3414750874506187
13280,2.2784867725275673
13290,2.316789275000767
13300,2.367066525582236
13310,2.2621755667472545
13320,2.2651585091838915
13330,2.341250316282208
13340,2.0273325242503186
13350,2.2820506081586003
13360,2.09277085829089
13370,2.2906324523084503
13380,2.182352899359315
13390,2.293802134235727
13400,2.2920762434069695
13410,2.1076775125120033
13420,2.2984436777202735
13430,2.1926741644471237
13440,2.14671217675802
13450,2.304080857920804
13460,2.1040177219587615
13470,2.11908343980666
13480,2.196442530467987
13490,1.8847750362294837
13500,2.2380537211771285
13510,2.313362345703518
13520,2.1805863440267386
13530,2.131493768172232
13540,2.34070762577441
13550,2.259668409963706
13560,2.414865305410401
13570,2.252078523088993
13580,2.2735821260429923
13590,2.150872208217053
13600,1.9920138564786798
13610,2.2726929185284437
13620,2.3390750249681695
13630,2.201768219904457
13640,2.3732078473167744
13650,1.9997295964028405
13660,2.3299663693266046
13670,2.33565798136838
13680,2.3391130760512673
13690,2.218679995863668
13700,2.282299960852868
13710,2.1848973768046496
13720,2.2339839793171175
13730,2.053626742513067
13740,2.2161084105557056
13750,2.3566677989134455
13760,2.2229879934535006
13770,2.2592081017272667
13780,2.362232144272854
13790,2.3553721395675096
13800,2.3371664328268698
13810,2.1937015465204777
13820,2.311394183607628
13830,2.3596304141606055
13840,2.031742700431698
13850,2.3375090159679166
13860,2.3429978772929676
13870,2.3606492109917325
13880,2.2502020162518175
13890,2.192077037807939
13900,2.239568351198925
13910,2.23608136077367
13920,2.1244347986322967
13930,2.3772259527636272
13940,2.36064920705006
13950,2.28115322373128
13960,2.3067652916522543
13970,2.375851324382146
13980,2.104757525789475
13990,2.3590779445405343
14000,2.299544998115551
14010,2.1769506333777513
14020,2.3663081622240805
14030,2.2707527855726988
14040,2.216811921149491
14050,2.2539915885274033
14060,2.3053126776968287
14070,2.3446418703159164
14080,2.3087872407041234
14090,2.1819344746436236
14100,2.209619849173539
14110,2.2297834676667616
14120,2.3214490795951304
14130,2.3705447742381414
14140,2.311862621972612
14150,2.320624701733028
14160,2.3813055206249993
14170,2.4229078712485235
14180,2.3037111568927013
14190,2.19633906027262
14200,2.331603240106448
14210,2.3000654728500245
14220,2.3197484001894564
14230,2.3276747697898896
14240,2.3853131963081347
14250,2.383954049613087
14260,2.2794318830306275
14270,2.4059265870691746
14280,2.3121213610342655
14290,2.256509509422123
14300,2.4543496079907734
14310,2.3287446134719736
14320,2.1691042490807093
14330,2.295603236396322
14340,2.2924761746274336
14350,2.286118807449271
14360,2.3023371098675725
14370,2.378929754473933
14380,2.45760178569912
14390,2.401996967789659
14400,2.3347379724611597
14410,2.3024519519356073
14420,2.376261252535844
14430,2.3207465795691262
14440,2.3311468613048505
14450,2.3809674533666256
14460,2.3922901305371167
14470,2.362352195928972
14480,2.329760796140502
14490,2.4903949684311
14500,2.30920485314767
14510,2.2276015934097804
14520,2.49742462682254
14530,2.466442984646049
14540,2.157775813451447
14550,2.4340419823687016
14560,2.475604638079614
14570,2.3612906119368295
14580,2.183000160872748
14590,2.4298439027806906
14600,2.3137856486165282
14610,2.4529519860670037
14620,2.396129490050391
14630,2.437736120179872
14640,2.448926994682194
14650,2.226512326652354
14660,2.36858625733438
14670,2.321769835321857
14680,2.401767342526484
14690,2.4522359019324322
14700,2.4706687588161045
14710,2.4151770322447437
14720,2.2673403575296476
14730,1.89928286625162
14740,2.396134015800583
14750,2.465105500143624
14760,2.520425767464743
14770,2.50353356762657
14780,2.420287621665937
14790,2.4919434175747033
14800,2.5152106161684813
14810,2.5113719271273687
14820,2.493660851854546
14830,2.4802019869601732
14840,2.5442423014897324
14850,2.4814948452883137
14860,2.483715611196454
14870,2.5128264647319343
14880,2.5505098163427116
14890,2.448487437802913
14900,2.4826198900841625
14910,2.479387583347543
14920,2.5304216954741916
14930,2.4135057803244844
14940,2.453922675379353
14950,2.5000598919939185
14960,2.516846818386143
14970,2.372500807192708
14980,2.151533295631588
14990,2.461568438011366
15000,2.5221639201728108
15010,2.494919116112627
15020,2.4754363895786464
15030,2.472955902677107
15040,2.411682175527289
15050,2.431182423680532
15060,2.4755818167664745
15070,2.5005497084387542
15080,2.4963404085673866
15090,2.4819874732794203
15100,2.4822099692375876
15110,2.469714776377627
15120,2.4983906245180303
15130,2.458729760749881
15140,2.480121081655976
15150,2.451933488413849
15160,2.494121503975472
15170,2.3862297717288588
15180,2.3904017282672814
15190,2.4602089399171105
15200,2.404792180028851
15210,2.4156655105732456
15220,2.4612588882445308
15230,2.398056512154118
15240,2.315389454133065
15250,2.3351508055125274
15260,2.3734541685219326
15270,2.3953161647202337
15280,2.2829804010411037
15290,2.2554824888481657
15300,2.2827528533958965
15310,2.1768729333860435
15320,2.2988869884486505
15330,2.366961319873454
15340,2.346605094896901
15350,2.197218659276124
15360,2.4078246365325695
15370,2.377271831813914
15380,2.2114213748193694
15390,2.33620860717161
15400,2.413258651613985
15410,2.080625192526161
15420,2.377922329129225
15430,2.3918278292389434
15440,2.206374266439592
15450,2.3638981629595763
15460,2.3213766877538435
15470,2.2351875496911418
15480,2.154035599904989
15490,2.381177987817934
15500,2.444834834325693
15510,2.449841713184234
15520,2.7517238010304492
15530,2.6308841180233684
15540,2.7036920818799626
15550,2.6427068519322328
15560,2.7119269881368484
15570,2.5017140720769047
15580,2.5357466399332003
15590,2.30220708108625
15600,2.541597890636478
15610,2.5563902760448256
15620,2.5377732809726163
15630,2.5368550660762135
15640,2.5130411550467744
15650,2.3139003399922733
15660,2.4766413303078885
15670,2.515360442056908
15680,2.4592649891530525
15690,2.4062408448751373
15700,2.6568161448535013
15710,2.4856554571267964
15720,2.3940389473917447
15730,2.2825933348854552
15740,2.4299088527713226
15750,2.3537027940218147
15760,2.395639661448276
15770,2.5486956370197658
15780,2.456340024455222
15790,2.3678295349155487
15800,2.374198990251211
15810,2.3274476981998418
15820,2.43153168304189
15830,2.0254872512530397
15840,2.516191635593543
15850,2.478654099056583
15860,2.3907547220777197
15870,2.467020835404013
15880,2.4119737322506536
15890,2.3728496267120214
15900,2.4424920498987146
15910,2.4170948542469204
15920,2.423953356999404
15930,2.372652358731349
15940,2.4416963172194954
15950,2.3670653661470062
15960,2.5370608727563977
15970,2.3219795202301694
15980,2.4034779581967274
15990,2.474373949616907
16000,2.5172520392099917
16010,2.3979006006577257
16020,2.393058461346299
16030,2.4756980578786223
16040,2.4119898595164533
16050,2.445146460430476
16060,2.4137174125425185
16070,2.3358682881951953
16080,2.4995907855261317
16090,2.138988634907681
16100,2.33498953915804
16110,2.3220159608396758
16120,2.3300035875584553
16130,2.352780009273425
16140,2.183632592172441
16150,2.4622446813230745
16160,2.253362272009849
16170,2.4014515618721424
16180,2.521486429902304
16190,2.4473037802372786
16200,2.343442739743366
16210,2.383056707609803
16220,2.3708271594703585
16230,2.07518534399348
16240,2.321774837199816
16250,2.5420082609664614
16260,2.4261497885804557
16270,2.3459380449620104
16280,2.200945421281327
16290,2.4655971714188127
16300,2.305028547263847
16310,2.431507348241806
16320,2.3206276722381096
16330,2.3053335569793685
16340,2.6839522896475403
16350,2.7583459771835104
16360,2.8641089227876164
16370,3.0732260864618257
16380,2.9547936238313484
16390,2.3859209129698478
16400,2.361049556240278
16410,2.4770031155225243
16420,2.5649843329342725
16430,2.313124962008887
16440,2.3575035009425944
16450,2.281655959248589
16460,2.363032968991957
16470,2.340488146546134
16480,2.4495824995378963
16490,2.3532136344598045
16500,2.0494613050919246
16510,2.441383065618966
16520,2.302578955526098
16530,2.394511959694738
16540,2.3518125920641855
16550,2.3497923026637304
16560,2.3382189481248443
16570,2.310481854273205
16580,2.439898099000606
16590,2.3419977487451145
16600,2.437713566635983
16610,2.0565262136515745
16620,2.2762111659693542
16630,2.5414127223240794
16640,2.4106467678016634
16650,2.5261596618427022
16660,2.3000940442479725
16670,2.2831367149035238
16680,2.3566610203314635
16690,2.359334111965616
16700,2.3920369355410385
16710,2.3343443853007546
16720,2.43853829555602
16730,2.3078108433149973
16740,2.229118241931832
16750,2.267626338119708
16760,2.567124603632956
16770,2.4997431427455434
16780,2.4306137733004247
16790,2.3126235373661106
16800,2.4015681059387886
16810,2.4200162826137888
16820,2.5174953598874903
16830,2.4362229584464345
16840,2.344706326948704
16850,2.256258873850608
16860,2.2846201415076726
16870,2.5231398646541527
16880,2.488041795230748
16890,2.465686580312008
16900,2.3709925217988266
16910,2.3538438722158386
16920,2.3374420358391594
16930,2.551955034399277
16940,2.396642996774672
16950,2.4226540441513085
16960,2.504306837008909
16970,2.062594411826951
16980,2.2398993916695016
16990,2.104804757210193
17000,2.3210085541636
17010,2.3380734480922767
17020,2.3971827661359857
17030,2.4181530118044106
17040,2.4159171610456145
17050,2.45035298759932
17060,2.4916175613565517
17070,2.500066472051043
17080,2.2750608936708785
17090,2.2481980673472166
17100,2.2896086367734316
17110,2.3330467966401005
17120,2.1708937826151424
17130,2.434536241001021
17140,2.4640186380865816
17150,2.4683834061697523
17160,2.72352943567327
17170,2.644583156954484
17180,2.5578298550607474
17190,2.771895492813755
17200,2.639132208674011
17210,2.6312744481761685
17220,2.6409030867707224
17230,2.591790357428017
17240,2.6895846983101777
17250,2.580981356259569
17260,2.5984824842778935
17270,2.589136139992502
17280,2.550203911524179
17290,2.642988446450792
17300,2.5885681688222726
17310,2.584255181198193
17320,2.621519531764521
17330,2.000390506966911
17340,1.8764261452755329
17350,2.5573294289936426
17360,2.5346859822161067
17370,2.619861652871231
17380,2.604301548486947
17390,2.6997677737123915
17400,2.678161370683622
17410,2.609510693712457
17420,2.553099040269698
17430,2.629550193981218
17440,2.6399644072668753
17450,2.6246498887370144
17460,1.9951272125280066
17470,2.482500588396075
17480,2.2914191594954287
17490,2.4086362126461163
17500,2.56634876280893
17510,2.543947969091542
17520,2.533891178158082
17530,2.547796183104196
17540,2.499477021880158
17550,2.5715502221905613
17560,2.518182423814101
17570,2.5598146332814387
17580,2.557147411689183
17590,2.541818293635052
17600,2.5332267739463936
17610,2.5745837628138206
17620,2.5190573694562093
17630,2.4963517008107154
17640,2.571636256360253
17650,2.5616060171075024
17660,2.564758848328705
17670,2.4805000901316285
17680,2.31362352509902
17690,2.648429982293556
17700,2.5445029727752324
17710,2.570430175644574
17720,2.569573743665356
17730,2.5607302699038006
17740,2.5777882265472463
17750,2.5619488232773144
17760,2.5561379787815848
17770,2.540917683694998
17780,2.568001238156307
17790,2.55096930380573
17800,2.5517076122026063
17810,2.523969568315808
17820,2.5399477554150716
17830,2.5759394969282385
17840,2.493878634236575
17850,2.5771295113318295
17860,2.5225834331460857
17870,2.5473764966598336
17880,2.575021654085319
17890,2.5419041422716466
17900,2.5008794060643313
17910,2.5568731241655986
17920,2.5416997810085538
17930,2.558987121161025
17940,2.5530127294038656
17950,2.561404714532165
17960,2.610345276018659
17970,2.622973275835142
17980,2.5793635887498834
17990,2.4877794212521787
18000,2.3002875424889804
18010,2.522576568784873
18020,2.546044893399712
18030,2.526304856553351
18040,2.525210898354694
18050,2.5024198757218272
18060,2.484671902589585
18070,2.539337469821957
18080,2.513325464363733
18090,2.563805696592888
18100,2.6334579665875295
18110,2.5669139176034763
18120,2.454324847460325
18130,2.563791806614069
18140,2.5459866479099937
18150,2.5238366833634376
18160,2.593696705631647
18170,2.5831487133814854
18180,2.579409682598304
18190,2.4914508513024467
18200,2.559736133135804
18210,2.571957907696546
18220,2.5883046226668247
18230,2.5576605718740373
18240,2.569204752072741
18250,2.5626619213566855
18260,2.584972960533886
18270,2.5730577027697152
18280,2.5700119025581474
18290,2.5561693335731106
18300,2.4629635118880997
18310,2.5629503940964735
18320,2.594316295811764
18330,2.565212960882871
18340,2.537245740371186
18350,2.6210457402228964
18360,2.5707609363199655
18370,2.5466902913983986
18380,2.4076131674808616
18390,2.5853760778468757
18400,2.559640193899413
18410,2.4848986589881443
18420,2.5951012527960833
18430,2.47904995460112
18440,2.525572147948515
18450,2.5178910772388337
18460,2.4525662006236897
18470,2.3877215899577195
18480,2.4761901603380814
18490,2.458607316543221
18500,2.5241619588755433
18510,2.468646891790301
18520,2.4349308903276716
18530,2.531591486328382
18540,2.473262984542403
18550,2.514667062946376
18560,2.500109554228913
18570,2.3425437404688525
18580,2.3890758865960806
18590,2.465590282076108
18600,2.517807691563924
18610,2.5218088841418087
18620,2.4938842109233312
18630,2.529236940060782
18640,2.4879263493679167
18650,2.4463760220996864
18660,2.562728685275808
18670,2.503199045848718
18680,2.484144493837751
18690,2.4133321316122847
18700,2.5159193788090124
18710,2.4297646478634527
18720,2.5004246269519848
18730,2.426328258591915
18740,2.493355011186066
18750,2.4977912445861064
18760,2.542698721691265
18770,2.9301581410740294
18780,3.036632062783836
18790,2.8669544073423046
18800,2.7083524313392218
18810,2.770697384982234
18820,2.4901842952274262
18830,2.553019902889206
18840,2.146223147318514
18850,2.5413252203733534
18860,2.4735501537246285
18870,2.5670722495273233
18880,2.5888104782475008
18890,2.6052444231061838
18900,2.5852892780367362
18910,2.5270110150943172
18920,2.603505622064487
18930,2.4901105052491737
18940,2.569640795245276
18950,2.625019300068812
18960,2.57206895948836
18970,2.4913764616943403
18980,2.5539053792491715
18990,2.5230063134987044
19000,2.586898129120191
19010,2.584478286433021
19020,2.519532554374662
19030,2.5746152424946604
19040,2.5805339598990678
19050,2.357367069746773
19060,2.550634491241185
19070,2.4704414884608887
19080,2.5391666766150727
19090,2.564680372026553
19100,2.2370473714315375
19110,2.474923613626045
19120,2.5397408675437014
19130,2.5773941510380944
19140,2.7618777755313446
19150,2.562933864128998
19160,2.5056364553026875
19170,2.3813817094675107
19180,2.3541029620036755
19190,2.4963439615951386
19200,2.5321747959896106
19210,2.498207833037593
19220,2.4371849667182524
19230,2.409267449682414
19240,2.526476382769108
19250,2.5927346298171585
19260,2.538242929264042
19270,2.5074706611998656
19280,2.545633029478474
19290,2.4904550998675683
19300,2.5046748228106583
19310,2.493678557043862
19320,2.5234195407680624
19330,2.478837268539811
19340,2.422429194020759
19350,2.4544198656492378
19360,2.2464510621712033
19370,2.4613555320230636
19380,2.478119802312698
19390,2.4484401336916375
19400,2.5016125193397634
19410,2.460302339397095
19420,2.381441300304094
19430,2.442664437376669
19440,2.5309214484737517
19450,2.5937129494426228
19460,2.8707718037274135
19470,2.665913350481523
19480,2.5712452453661485
19490,2.5352240327441344
19500,2.3921467424093326
19510,2.5200533107339025
19520,2.5150574741895255
19530,2.4769555150020093
19540,2.5515558019684015
19550,2.4877663802864647
19560,2.214766135673874
19570,2.5461765724579117
19580,2.5950105919009134
19590,2.467011314918151
19600,2.575455911619914
19610,2.2039750860753697
19620,2.4621540801162753
19630,2.5434360967283554
19640,2.5977879405218864
19650,2.5326632408168814
19660,2.5765864067296884
19670,2.596496008846843
19680,2.607481741111142
19690,2.657893878049353
19700,2.5424308411167393
19710,2.4005490883541314
19720,2.452852036604328
19730,2.5263453766374906
19740,2.607131358626514
19750,2.7445078318397487
19760,2.674447978389709
19770,2.535636650270245
19780,2.483343080529922
19790,2.512571495167644
19800,2.4085609898457028
19810,2.4518244136493577
19820,2.4193054506872307
19830,2.5020328648642662
19840,2.4511021380434994
19850,2.5100233592791557
19860,2.5158974867552324
19870,2.457349071879861
19880,2.3872025572376265
19890,2.4039980756364603
19900,2.495382577839641
19910,2.567200382026996
19920,2.447560957630639
19930,2.4881273126706813
19940,2.468383768450796
19950,2.44588648664288
19960,2.5010165263654307
19970,2.516428446741202
19980,2.4215100044838005
19990,2.352095729513532
