time,sine_50hz,sine_120hz,mixed,noisy
0.0,0.0,0.0,0.0,0.12590512929233616
0.001,0.3090169943749474,0.6845471059286886,0.6512905473392917,0.5090314857896976
0.002,0.5877852522924731,0.9980267284282716,1.0867986165066088,0.9041743491467884
0.003,0.8090169943749475,0.7705132427757893,1.194273615762842,1.2436047739148417
0.004,0.9510565162951535,0.12533323356430454,1.0137231330773058,1.1125547747376214
0.005,1.0,-0.587785252292473,0.7061073738537635,0.6822263954902886
0.006,0.9510565162951535,-0.9822872507286887,0.45991289093080917,0.7651690624993679
0.007,0.8090169943749475,-0.8443279255020155,0.3868530316239397,0.4948519490938551
0.008,0.5877852522924732,-0.24868988716485535,0.4634403087100456,0.44801484928380664
0.009000000000000001,0.3090169943749471,0.48175367410171566,0.549893831425805,0.19126559076183458
0.01,1.2246467991473532e-16,0.9510565162951535,0.4755282581475769,0.3934853058372032
0.011,-0.3090169943749473,0.90482705246602,0.14339653185806273,0.0948113202904072
0.012,-0.5877852522924734,0.368124552684678,-0.4037229759501344,-0.2951633989529352
0.013000000000000001,-0.8090169943749479,-0.36812455268467725,-0.9930792707172865,-1.221272145896024
0.014,-0.9510565162951535,-0.9048270524660189,-1.403470042528163,-1.533849091639852
0.015,-1.0,-0.9510565162951543,-1.4755282581475773,-1.3390792523001651
0.016,-0.9510565162951536,-0.4817536741017163,-1.1919333533460117,-1.241298312824818
0.017,-0.809016994374947,0.24868988716485466,-0.6846720507925197,-0.8794852447242238
0.018000000000000002,-0.5877852522924726,0.8443279255020155,-0.16562128954146482,0.22822312158170927
0.019,-0.3090169943749477,0.9822872507286889,0.1821266309893968,0.1689780529762134
0.02,-2.4492935982947064e-16,0.5877852522924736,0.29389262614623657,0.33762988616324413
0.021,0.309016994374948,-0.12533323356430293,0.24635037759279654,0.32285019747975197
0.022,0.5877852522924729,-0.7705132427757879,0.20252863090457895,0.4058633174260466
0.023,0.8090169943749472,-0.9980267284282718,0.31000363016081134,0.08511873362606492
0.024,0.9510565162951538,-0.6845471059286886,0.6087829633308095,0.43742095965934247
0.025,1.0,-7.347880794884119e-16,0.9999999999999997,0.9887216726630944
0.026000000000000002,0.9510565162951531,0.6845471059286876,1.293330069259497,1.175520420597664
0.027,0.8090169943749477,0.9980267284282714,1.3080303585890833,1.411913759177368
0.028,0.5877852522924734,0.7705132427757911,0.973041873680369,0.7968619465741734
0.029,0.3090169943749478,0.1253332335643044,0.37168361115709997,0.27816882762135575
0.03,3.6739403974420594e-16,-0.5877852522924696,-0.2938926261462344,-0.5763325376792339
0.031,-0.30901699437494706,-0.9822872507286884,-0.8001606197392912,-1.0038135366917604
0.032,-0.5877852522924728,-0.8443279255020163,-1.009949215043481,-0.964009631084541
0.033,-0.8090169943749482,-0.2486898871648578,-0.9333619379573771,-0.936933466407544
0.034,-0.951056516295154,0.48175367410171505,-0.7101796792442965,-0.6369524197513039
0.035,-1.0,0.9510565162951533,-0.5244717418524234,-0.7722862064676765
0.036000000000000004,-0.9510565162951532,0.9048270524660188,-0.4986429900621438,-0.5473695869728665
0.037,-0.8090169943749477,0.3681245526846836,-0.6249547180326058,-0.7071206982168468
0.038,-0.5877852522924735,-0.3681245526846749,-0.771847528634811,-1.2315025055225122
0.039,-0.3090169943749479,-0.9048270524660178,-0.7614305206079568,-0.5325330479436075
0.04,-4.898587196589413e-16,-0.951056516295154,-0.4755282581475775,-0.15650288870374113
0.041,0.3090169943749486,-0.48175367410171693,0.06814015732409015,0.10604266886427367
0.042,0.5877852522924741,0.2486898871648522,0.7121301958749002,0.8339950609838853
0.043000000000000003,0.8090169943749481,0.8443279255020152,1.2311809571259558,1.2360508488372446
0.044,0.9510565162951534,0.9822872507286895,1.442200141659498,1.7752616244788328
0.045,1.0,0.5877852522924799,1.29389262614624,1.5923172157607508
0.046,0.9510565162951538,-0.12533323356429868,0.8883898995130044,0.760403013175647
0.047,0.8090169943749478,-0.7705132427757875,0.42376037298705405,0.4264035424318268
0.048,0.5877852522924721,-0.9980267284282716,0.08877188807833636,0.2061647221996337
0.049,0.3090169943749463,-0.6845471059286918,-0.03325655858939963,-0.3685122048926591
0.05,-1.164033439826574e-15,-1.4695761589768238e-15,-1.8988215193149856e-15,0.23939667916618967
0.051000000000000004,-0.3090169943749485,0.6845471059286896,0.0332565585893963,-0.10913114070679655
0.052000000000000005,-0.5877852522924755,0.9980267284282713,-0.0887718880783398,0.11193672456865356
0.053,-0.8090169943749481,0.7705132427757938,-0.4237603729870512,-0.23748671613757946
0.054,-0.9510565162951534,0.12533323356430864,-0.8883898995129991,-1.1050109693023464
0.055,-1.0,-0.5877852522924718,-1.2938926261462358,-1.3709905047725457
0.056,-0.9510565162951538,-0.9822872507286876,-1.4422001416594976,-1.3711111188473175
0.057,-0.8090169943749468,-0.8443279255020167,-1.231180957125955,-1.350816860666594
0.058,-0.5877852522924737,-0.24868988716485507,-0.7121301958749012,-0.9412040373103535
0.059000000000000004,-0.3090169943749464,0.48175367410171127,-0.06814015732409076,0.19616980430558437
0.06,-7.347880794884119e-16,0.9510565162951509,0.4755282581475747,0.27295329633488463
0.061,0.3090169943749484,0.9048270524660221,0.7614305206079595,0.539462950383309
0.062,0.5877852522924725,0.368124552684681,0.771847528634813,0.5293083252798555
0.063,0.809016994374948,-0.3681245526846709,0.6249547180326125,0.7772920120015551
0.064,0.9510565162951533,-0.9048270524660175,0.4986429900621446,0.6368757088346879
0.065,1.0,-0.9510565162951542,0.524471741852423,0.4239077358779968
0.066,0.9510565162951528,-0.4817536741017207,0.7101796792442924,0.681316594912026
0.067,0.8090169943749469,0.2486898871648515,0.9333619379573727,0.7961752295649397
0.068,0.5877852522924709,0.8443279255020147,1.0099492150434783,0.8167467899901142
0.069,0.30901699437494656,0.9822872507286896,0.8001606197392914,0.8505223239927788
0.07,-2.6954609193973537e-15,0.5877852522924748,0.2938926261462347,0.7711582393017058
0.07100000000000001,-0.3090169943749483,-0.125333233564305,-0.3716836111571008,-0.375735676067073
0.07200000000000001,-0.5877852522924752,-0.7705132427757915,-0.973041873680371,-0.7838626865582075
0.073,-0.8090169943749459,-0.998026728428272,-1.308030358589082,-1.1270535570287237
0.074,-0.9510565162951533,-0.6845471059286975,-1.293330069259502,-1.0803407330829282
0.075,-1.0,-9.309791596066238e-15,-1.0000000000000047,-1.0231798104147298
0.076,-0.9510565162951539,0.684547105928684,-0.6087829633308119,-0.8482136191001403
0.077,-0.8090169943749469,0.9980267284282709,-0.31000363016081145,-0.30020679947279033
0.078,-0.5877852522924739,0.7705132427757944,-0.20252863090457673,0.06208817140038647
0.079,-0.3090169943749467,0.12533323356430937,-0.246350377592792,-0.044743105310119935
0.08,-9.797174393178826e-16,-0.5877852522924712,-0.2938926261462366,0.1568751417019298
0.081,0.3090169943749482,-0.9822872507286874,-0.18212663098939552,-0.421045260425035
0.082,0.5877852522924752,-0.8443279255020172,0.16562128954146665,0.2322802920953711
0.083,0.8090169943749479,-0.24868988716485577,0.68467205079252,0.4859135850282761
0.084,0.9510565162951543,0.4817536741017106,1.1919333533460097,0.9383090621603121
0.085,1.0,0.9510565162951506,1.4755282581475753,1.3817751226204655
0.08600000000000001,0.9510565162951528,0.9048270524660194,1.4034700425281623,1.6059482435375247
0.08700000000000001,0.8090169943749449,0.36812455268468164,0.9930792707172857,0.6264084828104872
0.088,0.587785252292474,-0.36812455268467026,0.4037229759501389,0.6819995599673714
0.089,0.30901699437495017,-0.9048270524660141,-0.1433965318580569,-0.41474439773715915
0.09,1.102182119232618e-15,-0.9510565162951587,-0.47552825814757826,-0.46454339151097396
0.091,-0.30901699437494806,-0.4817536741017214,-0.5498938314258087,-0.9059290288403509
0.092,-0.5877852522924722,0.24868988716484391,-0.46344030871005026,-0.37475179258734714
0.093,-0.8090169943749478,0.8443279255020067,-0.3868530316239444,-0.26123621602260405
0.094,-0.9510565162951532,0.9822872507286897,-0.45991289093080834,-0.3531789166158027
0.095,-1.0,0.5877852522924811,-0.7061073738537594,-0.9718156388744608
0.096,-0.9510565162951529,-0.12533323356430426,-1.0137231330773049,-0.8937107681943202
0.097,-0.8090169943749471,-0.7705132427757865,-1.1942736157628404,-1.1189906365957325
0.098,-0.5877852522924712,-0.9980267284282721,-1.0867986165066073,-0.9563256849654987
0.099,-0.3090169943749469,-0.6845471059286877,-0.6512905473392907,-0.7196313302602775
0.1,2.328066879653148e-15,-2.9391523179536475e-15,8.584907206763241e-16,-0.2138514761005901
0.101,0.30901699437494795,0.6845471059286834,0.6512905473392896,0.2850068342922263
0.10200000000000001,0.587785252292475,0.9980267284282718,1.086798616506611,0.8218283080202975
0.10300000000000001,0.8090169943749498,0.7705132427757903,1.1942736157628449,1.0850241575573791
0.10400000000000001,0.9510565162951554,0.1253332335643101,1.0137231330773104,1.2292459131635756
0.105,1.0,-0.5877852522924649,0.7061073738537675,0.8496930876675807
0.106,0.9510565162951529,-0.982287250728686,0.4599128909308099,0.6505687644412089
0.107,0.8090169943749492,-0.8443279255020175,0.38685303162394047,0.34948352909757135
0.108,0.5877852522924742,-0.24868988716486337,0.46344030871004255,0.5927830003561985
0.109,0.309016994374947,0.4817536741017038,0.5498938314257988,0.5862347650845543
0.11,-2.2056021997384123e-15,0.9510565162951525,0.47552825814757405,0.6322722586546788
0.111,-0.3090169943749512,0.9048270524660227,0.14339653185806012,0.16546465899601492
0.112,-0.587785252292472,0.36812455268468897,-0.4037229759501275,-0.2596979540764516
0.113,-0.8090169943749477,-0.3681245526846762,-0.9930792707172857,-0.9912326677846742
0.114,-0.9510565162951542,-0.9048270524660169,-1.4034700425281628,-1.4120467919273787
0.115,-1.0,-0.9510565162951569,-1.4755282581475784,-1.7423828768589316
0.116,-0.951056516295154,-0.48175367410171577,-1.191933353346012,-1.963190880772886
0.117,-0.8090169943749472,0.24868988716485008,-0.6846720507925221,-0.29099555810309824
0.11800000000000001,-0.5877852522924715,0.8443279255020102,-0.16562128954146638,0.03915092616361862
0.11900000000000001,-0.30901699437494373,0.9822872507286885,0.18212663098940052,0.5527460274892642
0.12,-1.4695761589768238e-15,0.5877852522924875,0.2938926261462423,0.13692847340314074
0.121,0.30901699437494773,-0.1253332335642965,0.24635037759279949,0.2522336812133749
0.122,0.5877852522924748,-0.7705132427757815,0.20252863090458406,0.14334112646377645
0.123,0.8090169943749455,-0.9980267284282726,0.3100036301608092,0.31821153107401895
0.124,0.9510565162951531,-0.6845471059286934,0.6087829633308064,0.4931919605973905
0.125,1.0,-1.0779367755043061e-14,0.9999999999999946,1.1305290946316338
0.126,0.951056516295153,0.6845471059286777,1.2933300692594918,1.2550959363283447
0.127,0.8090169943749452,0.9980267284282712,1.308030358589081,1.4444745520511857
0.128,0.5877852522924744,0.7705132427757952,0.973041873680372,1.342331696916377
0.129,0.30901699437494723,0.1253332335643179,0.3716836111571062,0.3067742109308504
0.13,-1.9606728399089416e-15,-0.58778525229247,-0.29389262614623696,-0.2399863130333269
0.131,-0.30901699437495095,-0.9822872507286872,-0.8001606197392945,-0.8464352661007626
0.132,-0.5877852522924776,-0.8443279255020217,-1.0099492150434886,-1.0956723306048108
0.133,-0.8090169943749476,-0.2486898871648572,-0.9333619379573762,-1.096716021885444
0.134,-0.9510565162951542,0.48175367410170933,-0.7101796792442996,-0.7842280611068795
0.135,-1.0,0.9510565162951502,-0.524471741852425,-0.671697269530273
0.136,-0.9510565162951519,0.90482705246602,-0.49864299006214186,-0.8853806318346189
0.137,-0.8090169943749473,0.368124552684683,-0.6249547180326058,-0.7003503566421269
0.138,-0.5877852522924716,-0.3681245526846689,-0.7718475286348061,-0.8405552274921386
0.139,-0.30901699437494395,-0.9048270524660196,-0.7614305206079537,-0.886055915877569
0.14,5.3909218387947074e-15,-0.9510565162951549,-0.47552825814757205,-0.3726201993848587
0.14100000000000001,0.3090169943749542,-0.48175367410172265,0.0681401573240929,0.04045735806810323
0.14200000000000002,0.5877852522924746,0.24868988716485624,0.7121301958749027,0.8991279354591508
0.14300000000000002,0.8090169943749496,0.8443279255020136,1.2311809571259564,1.169299657066878
0.14400000000000002,0.9510565162951552,0.9822872507286874,1.442200141659499,1.4784300812764724
0.145,1.0,0.5877852522924938,1.293892626146247,0.9082761022199397
0.146,0.9510565162951552,-0.12533323356428872,0.8883898995130108,0.9771854528484132
0.147,0.8090169943749496,-0.7705132427757765,0.4237603729870613,0.355869958621234
0.148,0.5877852522924746,-0.9980267284282731,0.08877188807833802,0.03472433227962531
0.149,0.30901699437494745,-0.6845471059286992,-0.03325655858940213,-0.1734776705382539
0.15,-1.7157434800794711e-15,-1.8619583192132475e-14,-1.1025535076145708e-14,-0.21051998957259782
0.151,-0.30901699437494395,0.684547105928672,0.03325655858939203,0.33159426390054614
0.152,-0.5877852522924716,0.9980267284282708,-0.08877188807833619,-0.146462281383129
0.153,-0.8090169943749473,0.7705132427758002,-0.4237603729870472,-0.43103863266854553
0.154,-0.9510565162951541,0.12533323356432566,-0.8883898995129913,-0.8869950382797447
0.155,-1.0,-0.5877852522924637,-1.2938926261462318,-1.2412334682940278
0.156,-0.9510565162951542,-0.9822872507286857,-1.4422001416594972,-1.4778941196477253
0.157,-0.8090169943749476,-0.8443279255020183,-1.2311809571259567,-1.2618541526385043
0.158,-0.5877852522924718,-0.2486898871648648,-0.7121301958749042,-0.8020746689192675
0.159,-0.30901699437494423,0.48175367410170244,-0.06814015732409301,-0.33212039651967507
0.16,-1.959434878635765e-15,0.9510565162951521,0.4755282581475741,0.35751962471136134
0.161,0.30901699437494723,0.9048270524660234,0.7614305206079589,0.46134359566836114
0.162,0.5877852522924744,0.3681245526846903,0.7718475286348195,0.6102311906078474
0.163,0.8090169943749493,-0.3681245526846748,0.6249547180326119,0.7155660635676553
0.164,0.9510565162951552,-0.9048270524660162,0.4986429900621471,0.5388982648758094
0.165,1.0,-0.9510565162951573,0.5244717418524214,0.32432414133275145
0.166,0.9510565162951531,-0.48175367410171704,0.7101796792442946,1.035321383937438
0.167,0.8090169943749455,0.24868988716484866,0.9333619379573698,1.4126574923952697
0.168,0.587785252292469,0.8443279255020094,1.0099492150434737,0.9581225043350752
0.169,0.30901699437494096,0.9822872507286888,0.8001606197392854,0.8018964019855076
0.17,-1.4708141202500005e-15,0.5877852522924887,0.2938926261462429,0.4081113546359136
0.171,-0.3090169943749505,-0.12533323356429502,-0.371683611157098,-0.4089814403716826
0.17200000000000001,-0.5877852522924771,-0.7705132427757896,-0.9730418736803719,-0.9470158337361458
0.17300000000000001,-0.8090169943749514,-0.9980267284282727,-1.3080303585890878,-1.0755053650306365
0.17400000000000002,-0.9510565162951562,-0.6845471059286945,-1.2933300692595036,-1.3017828476715394
0.17500000000000002,-1.0,1.9619108011821185e-15,-0.999999999999999,-0.8659494320789203
0.176,-0.9510565162951542,0.6845471059286766,-0.6087829633308159,-0.9501643512313955
0.177,-0.8090169943749477,0.9980267284282693,-0.310003630160813,-0.33800693274996013
0.178,-0.5877852522924778,0.7705132427758052,-0.20252863090457518,-0.38668189015113286
0.179,-0.3090169943749512,0.12533323356431933,-0.24635037759279155,-0.496024461770774
0.18,-2.204364238465236e-15,-0.5877852522924458,-0.29389262614622513,-0.6177066527471655
0.181,0.309016994374947,-0.9822872507286842,-0.18212663098939508,-0.09319410772338481
0.182,0.5877852522924742,-0.8443279255020225,0.165621289541463,0.2564628522312127
0.183,0.809016994374945,-0.24868988716488616,0.6846720507925019,0.5416139156135031
0.184,0.9510565162951529,0.4817536741016956,1.1919333533460006,1.1469219914663613
0.185,1.0,0.9510565162951496,1.4755282581475748,1.4317914584005336
0.186,0.9510565162951532,0.9048270524660328,1.4034700425281696,1.3313645191950816
0.187,0.8090169943749457,0.3681245526846976,0.9930792707172945,1.2031717082592832
0.188,0.587785252292475,-0.36812455268466754,0.4037229759501413,0.2405532141093258
0.189,0.30901699437494795,-0.904827052466019,-0.14339653185806156,0.041763742099236056
0.19,-1.22588476042053e-15,-0.9510565162951596,-0.47552825814758104,-0.5243655973512805
0.191,-0.3090169943749503,-0.4817536741017239,-0.5498938314258123,-0.626392835794222
0.192,-0.587785252292477,0.24868988716485482,-0.4634403087100496,-0.7940330623325389
0.193,-0.8090169943749471,0.8443279255020052,-0.3868530316239445,-0.19776773822573973
0.194,-0.951056516295154,0.9822872507286903,-0.45991289093080884,-0.5497648207304645
0.195,-1.0,0.587785252292472,-0.706107373853764,-0.4299143175186224
0.196,-0.9510565162951521,-0.12533323356428724,-1.0137231330772958,-1.3365152898151733
0.197,-0.8090169943749437,-0.7705132427757846,-1.194273615762836,-1.428433281481205
0.198,-0.5877852522924722,-0.9980267284282713,-1.086798616506608,-1.3011992998697688
0.199,-0.3090169943749447,-0.6845471059287002,-0.6512905473392947,-0.815119975612556
0.2,4.656133759306296e-15,-5.878304635907295e-15,1.7169814413526482e-15,0.37739859218050104
0.201,0.30901699437495356,0.6845471059286916,0.6512905473392994,0.6317648443547641
0.202,0.587785252292474,0.9980267284282707,1.0867986165066092,0.9390254673038777
0.203,0.8090169943749491,0.7705132427757921,1.194273615762845,0.7161392509155058
0.20400000000000001,0.951056516295155,0.1253332335642989,1.0137231330773044,1.1308989937762552
0.20500000000000002,1.0,-0.5877852522924625,0.7061073738537688,0.7675448369058866
0.20600000000000002,0.9510565162951511,-0.982287250728688,0.45991289093080706,0.2869256920853721
0.20700000000000002,0.8090169943749416,-0.8443279255020115,0.3868530316239358,0.3348728374539536
0.20800000000000002,0.5877852522924637,-0.2486898871648662,0.4634403087100306,0.3524640997190742
0.209,0.3090169943749482,0.48175367410168873,0.5498938314257925,0.5726216574599247
0.21,-9.809554005910593e-16,0.9510565162951473,0.47552825814757266,0.36780694270215436
0.211,-0.30901699437495006,0.904827052466024,0.14339653185806195,0.39665276089246526
0.212,-0.5877852522924768,0.3681245526847049,-0.40372297595012435,-0.17204093369209167
0.213,-0.8090169943749428,-0.36812455268466027,-0.9930792707172729,-1.1544483359911344
0.214,-0.9510565162951516,-0.9048270524660157,-1.4034700425281594,-1.4255456655883616
0.215,-1.0,-0.9510565162951621,-1.475528258147581,-1.25470277993816
0.216,-0.9510565162951544,-0.4817536741017308,-1.19193335334602,-1.088073926081516
0.217,-0.8090169943749479,0.24868988716484725,-0.6846720507925242,-0.4906067288418028
0.218,-0.5877852522924724,0.844327925502001,-0.16562128954147187,-0.26496940545632097
0.219,-0.3090169943749449,0.9822872507286917,0.18212663098940096,0.616451544207326
0.22,4.411204399476825e-15,0.5877852522924784,0.29389262614624356,0.43653411902834394
0.221,0.3090169943749533,-0.12533323356427947,0.24635037759281353,0.33969413699461454
0.222,0.5877852522924796,-0.7705132427757796,0.20252863090458978,-0.1527440502593153
0.223,0.8090169943749448,-0.9980267284282719,0.31000363016080884,0.3514473148049101
0.224,0.9510565162951528,-0.6845471059287059,0.6087829633307997,0.6823865988134382
0.225,1.0,-1.371852007299671e-14,0.9999999999999931,1.1318828401089545
0.226,0.9510565162951533,0.684547105928686,1.2933300692594962,1.2239930786363018
0.227,0.8090169943749459,0.9980267284282701,1.308030358589081,1.2818865252497667
0.228,0.5877852522924696,0.7705132427757971,0.9730418736803681,1.3353408475691295
0.229,0.3090169943749416,0.1253332335643067,0.371683611157095,-0.03386705833599468
0.23,-7.841453398362591e-15,-0.5877852522924562,-0.2938926261462359,-0.5463778846650222
0.231,-0.30901699437495656,-0.9822872507286866,-0.8001606197392999,-0.9971146202043528
0.232,-0.5877852522924708,-0.8443279255020157,-1.0099492150434788,-1.4783337177501605
0.233,-0.8090169943749468,-0.2486898871648738,-0.9333619379573836,-0.8300173864711009
0.234,-0.9510565162951538,0.4817536741017068,-0.7101796792443004,-0.9535933031286401
0.23500000000000001,-1.0,0.9510565162951536,-0.5244717418524232,-0.6705928131810971
0.23600000000000002,-0.9510565162951523,0.9048270524660273,-0.49864299006213864,-0.4829570160916629
0.23700000000000002,-0.8090169943749439,0.36812455268468575,-0.624954718032601,-0.7113559097631628
0.23800000000000002,-0.5877852522924669,-0.36812455268467936,-0.7718475286348065,-0.6745493192317812
0.23900000000000002,-0.3090169943749384,-0.9048270524660122,-0.7614305206079446,-0.8227220823706477
0.24,-2.9391523179536475e-15,-0.9510565162951645,-0.4755282581475852,-0.5943363405496758
0.241,0.3090169943749463,-0.4817536741017377,0.06814015732407744,0.09266322886409067
0.242,0.5877852522924736,0.24868988716483964,0.7121301958748933,0.5638904839976172
0.243,0.8090169943749488,0.8443279255019968,1.231180957125947,0.9950275251061906
0.244,0.9510565162951549,0.9822872507286933,1.4422001416595016,1.4749596064182677
0.245,1.0,0.5877852522924847,1.2938926261462425,1.4974671081312638
0.246,0.9510565162951556,-0.1253332335642717,0.8883898995130198,0.7991720858169105
0.247,0.8090169943749502,-0.7705132427757746,0.4237603729870629,0.37202506567162785
0.248,0.5877852522924756,-0.9980267284282723,0.08877188807833941,0.4232664705371803
0.249,0.3090169943749486,-0.6845471059287116,-0.03325655858940718,-0.4279147059457474
0.25,-4.91096680932118e-16,-2.1558735510086122e-14,-1.1270464435975179e-14,0.19669801245267982
0.251,-0.30901699437494956,0.6845471059286802,0.03325655858939053,-0.32097418274025996
0.252,-0.5877852522924764,0.9980267284282697,-0.08877188807834152,-0.2496920391075173
0.253,-0.8090169943749508,0.7705132427758021,-0.4237603729870497,-0.7269816787130567
0.254,-0.9510565162951559,0.12533323356431447,-0.8883898995129986,-0.8912353769118153
0.255,-1.0,-0.5877852522924498,-1.293892626146225,-1.25223041793111
0.256,-0.9510565162951545,-0.9822872507286852,-1.4422001416594972,-1.0512794285329854
0.257,-0.8090169943749482,-0.8443279255020198,-1.2311809571259582,-1.2698724764900244
0.258,-0.5877852522924728,-0.2486898871648814,-0.7121301958749136,-0.6388533894677748
0.259,-0.3090169943749454,0.4817536741016999,-0.06814015732409545,-0.16782888377434868
0.26,3.921345679817883e-15,0.9510565162951512,0.47552825814757954,0.423485329087745
0.261,0.30901699437495284,0.9048270524660307,0.7614305206079681,0.9117576932951238
0.262,0.5877852522924791,0.3681245526846931,0.7718475286348256,0.8661140712738331
0.263,0.8090169943749529,-0.3681245526846721,0.6249547180326168,0.5750038919899151
0.264,0.951056516295157,-0.9048270524660089,0.4986429900621525,0.4172798806684098
0.265,1.0,-0.9510565162951582,0.524471741852421,0.5335079402454665
0.266,0.9510565162951535,-0.48175367410171965,0.7101796792442937,0.6326281324519336
0.267,0.8090169943749462,0.24868988716483204,0.9333619379573622,1.237902448205279
0.268,0.58778525229247,0.8443279255020079,1.009949215043474,0.7889083696897424
0.269,0.3090169943749421,0.9822872507286894,0.8001606197392868,0.6530890188834797
0.27,-7.351594678703649e-15,0.587785252292491,0.2938926261462382,0.5016080244410884
0.271,-0.3090169943749561,-0.1253332335642921,-0.37168361115710213,-0.6734363835706946
0.272,-0.5877852522924819,-0.7705132427757878,-0.9730418736803759,-0.9146216178190647
0.273,-0.8090169943749549,-0.9980267284282729,-1.3080303585890913,-1.6892437832255291
0.274,-0.9510565162951536,-0.6845471059286966,-1.293330069259502,-1.462487191486754
0.275,-1.0,-9.772415167715292e-16,-1.0000000000000004,-1.1301863077658896
0.276,-0.9510565162951524,0.6845471059286745,-0.6087829633308152,-0.6367475484251365
0.277,-0.8090169943749442,0.998026728428271,-0.31000363016080873,-0.470379381765557
0.278,-0.5877852522924673,0.770513242775789,-0.20252863090457274,-0.5324357161529137
0.279,-0.30901699437493885,0.12533323356432224,-0.24635037759277773,0.1132536367781461
0.28,1.0781843677589415e-14,-0.5877852522924665,-0.29389262614622247,-0.5424927952731804
0.281,0.30901699437495933,-0.9822872507286889,-0.18212663098938514,-0.13009954470939197
0.28200000000000003,0.5877852522924847,-0.8443279255020241,0.16562128954147265,0.1452746564689093
0.28300000000000003,0.8090169943749569,-0.24868988716486146,0.6846720507925261,0.9700733432956665
0.28400000000000003,0.9510565162951546,0.48175367410171793,1.1919333533460137,1.1094197242671568
0.28500000000000003,1.0,0.9510565162951575,1.4755282581475788,1.2899330495002859
0.28600000000000003,0.9510565162951513,0.9048270524660219,1.4034700425281623,1.3653145890748606
0.28700000000000003,0.8090169943749422,0.3681245526846739,0.9930792707172792,0.880439033506746
0.28800000000000003,0.5877852522924645,-0.36812455268469124,0.40372297595011886,0.36899692384588734
0.289,0.3090169943749491,-0.9048270524660056,-0.14339653185805368,0.11956544707218725
0.29,-1.2379612731767154e-18,-0.9510565162951694,-0.4755282581475847,-0.4238385532601049
0.291,-0.30901699437493557,-0.4817536741017514,-0.5498938314258113,-0.49637664383846375
0.292,-0.5877852522924645,0.24868988716482446,-0.46344030871005226,-0.5328520293636767
0.293,-0.8090169943749422,0.8443279255019884,-0.386853031623948,0.18937152261674273
0.294,-0.9510565162951513,0.9822872507286962,-0.45991289093080323,-0.4630707831617918
0.295,-1.0,0.5877852522924973,-0.7061073738537513,-0.5373439359315261
0.296,-0.9510565162951546,-0.12533323356425613,-1.0137231330772827,-1.1199711842759075
0.297,-0.8090169943749486,-0.7705132427757646,-1.1942736157628309,-1.2820919674802456
0.298,-0.5877852522924732,-0.9980267284282733,-1.08679861650661,-1.055972870395316
0.299,-0.30901699437494584,-0.684547105928723,-0.6512905473393074,-0.4187066238832031
0.3,3.4314869601589423e-15,-3.723916638426495e-14,-1.5188096231973534e-14,-0.08589618193581254
0.301,0.30901699437493885,0.6845471059286687,0.6512905473392732,0.44161990400734374
0.302,0.5877852522924673,0.9980267284282687,1.0867986165066017,0.8535319237473173
0.303,0.8090169943749442,0.7705132427758121,1.1942736157628504,1.1190959148787063
0.304,0.9510565162951524,0.12533323356433002,1.0137231330773173,1.1511782764276282
0.305,1.0,-0.5877852522924372,0.7061073738537814,0.39123102345143645
0.306,0.9510565162951536,-0.9822872507286822,0.45991289093081256,0.3806870274560083
0.307,0.8090169943749465,-0.8443279255020283,0.3868530316239323,0.5111568131631553
0.308,0.5877852522924705,-0.2486898871648966,0.4634403087100222,0.32749147658027994
0.309,0.30901699437494257,0.4817536741016861,0.5498938314257856,0.7098272334766559
0.31,-6.861735959044708e-15,0.9510565162951463,0.4755282581475663,0.4452617827370186
0.311,-0.3090169943749421,0.9048270524660373,0.14339653185807655,0.17377671795005895
0.312,-0.58778525229247,0.3681245526847076,-0.4037229759501162,-0.54419932799775
0.313,-0.8090169943749462,-0.3681245526846575,-0.993079270717275,-0.6839185644552414
0.314,-0.9510565162951535,-0.9048270524660144,-1.4034700425281608,-1.4073413775025645
0.315,-1.0,-0.951056516295163,-1.4755282581475815,-1.5568473974341057
0.316,-0.9510565162951525,-0.48175367410173336,-1.1919333533460192,-1.2165301165964315
0.317,-0.8090169943749445,0.2486898871648444,-0.6846720507925222,-0.35258719281839684
0.318,-0.5877852522924677,0.8443279255019994,-0.165621289541468,-0.12022009306736096
0.319,-0.3090169943749393,0.9822872507286923,0.18212663098940685,0.31851908754565006
0.32,-3.91886975727153e-15,0.5877852522924807,0.2938926261462364,0.5316744396665828
0.321,0.3090169943749454,-0.12533323356427656,0.24635037759280712,0.45031380137512994
0.322,0.5877852522924728,-0.7705132427757778,0.2025286309045839,0.5030686614094234
0.323,0.8090169943749482,-0.9980267284282721,0.31000363016081217,0.40522194747686424
0.324,0.9510565162951545,-0.684547105928708,0.6087829633308005,0.8954658471841397
0.325,1.0,-1.6657672390950356e-14,0.9999999999999917,1.1488202665285974
0.326,0.9510565162951515,0.6845471059286837,1.2933300692594933,1.3684531297506408
0.327,0.8090169943749425,0.99802672842827,1.3080303585890776,1.6208422572246604
0.328,0.5877852522924649,0.770513242775799,0.9730418736803644,0.8711576032866675
0.329,0.30901699437493607,0.12533323356430962,0.37168361115709087,0.4245244133779684
0.33,4.886207583857646e-16,-0.5877852522924538,-0.2938926261462264,-0.2836826404262726
0.331,-0.3090169943749486,-0.9822872507286861,-0.8001606197392916,-1.2768302748763694
0.332,-0.5877852522924756,-0.8443279255020173,-1.0099492150434841,-1.0112147195750525
0.333,-0.8090169943749502,-0.24868988716487667,-0.9333619379573885,-0.8519269718976294
0.334,-0.9510565162951556,0.48175367410170417,-0.7101796792443036,-0.7640329337375844
0.335,-1.0,0.9510565162951528,-0.5244717418524236,-0.5016612434036789
0.336,-0.9510565162951504,0.9048270524660286,-0.49864299006213614,-0.3141335473944271
0.337,-0.8090169943749405,0.36812455268468847,-0.6249547180325963,-0.33649762662297333
0.338,-0.5877852522924621,-0.36812455268467664,-0.7718475286348004,-0.620288206340323
0.339,-0.3090169943749463,-0.904827052466011,-0.7614305206079518,-0.554847762461705
0.34,2.941628240500001e-15,-0.9510565162951654,-0.47552825814757976,-0.38130876678859477
0.341,0.3090169943749519,-0.4817536741017153,0.06814015732409423,0.2878475700908974
0.342,0.5877852522924784,0.24868988716483678,0.7121301958748968,0.8908416316274843
0.343,0.8090169943749522,0.8443279255019952,1.2311809571259498,1.32302905633341
0.34400000000000003,0.9510565162951566,0.9822872507286885,1.442200141659501,1.4542136616400743
0.34500000000000003,1.0,0.5877852522924871,1.2938926261462436,1.2025744189497012
0.34600000000000003,0.9510565162951494,-0.1253332335642688,0.8883898995130151,0.8027413794148099
0.34700000000000003,0.8090169943749385,-0.7705132427757909,0.423760372987043,0.13610479201174625
0.34800000000000003,0.5877852522924594,-0.9980267284282726,0.08877188807832309,0.15262100721180435
0.34900000000000003,0.30901699437494307,-0.6845471059286723,-0.03325655858939308,-0.026939779303870332
0.35000000000000003,-6.371877239385766e-15,3.923821602364237e-15,-4.409966438203648e-15,-0.09287102012110238
0.35100000000000003,-0.30901699437495517,0.6845471059286781,0.03325655858938387,0.22001233208810816
0.352,-0.5877852522924697,0.9980267284282694,-0.08877188807833497,-0.32461034420671453
0.353,-0.8090169943749459,0.7705132427758221,-0.42376037298703484,-0.5461103164664801
0.354,-0.9510565162951533,0.12533323356437379,-0.8883898995129664,-0.9514789231985951
0.355,-1.0,-0.5877852522924475,-1.2938926261462238,-1.0575635563209933
0.356,-0.9510565162951571,-0.9822872507286793,-1.4422001416594967,-1.4720881497378364
0.357,-0.8090169943749531,-0.8443279255020519,-1.231180957125979,-0.9323904479841212
0.358,-0.5877852522924796,-0.24868988716488424,-0.7121301958749217,-0.8161698064388341
0.359,-0.3090169943749533,0.4817536741016724,-0.06814015732411707,-0.5306053075179201
0.36,-4.408728476930472e-15,0.9510565162951328,0.475528258147562,0.2891505183966297
0.361,0.3090169943749449,0.9048270524660319,0.7614305206079608,0.6653298655609081
0.362,0.5877852522924725,0.3681245526847222,0.7718475286348336,0.9917451321207338
0.363,0.8090169943749479,-0.3681245526846165,0.6249547180326396,1.0458988950352746
0.364,0.9510565162951544,-0.9048270524660077,0.49864299006215057,0.6217385961308555
0.365,1.0,-0.9510565162951679,0.5244717418524161,0.4130739038394154
0.366,0.9510565162951561,-0.481753674101772,0.7101796792442701,0.8575516251466673
0.367,0.8090169943749511,0.2486898871648292,0.9333619379573657,1.0359614704895577
0.368,0.5877852522924768,0.844327925501991,1.0099492150434723,0.9414474047326156
0.369,0.30901699437495,0.9822872507287006,0.8001606197393003,0.8507136551755681
0.37,9.784794780447059e-16,0.5877852522924935,0.2938926261462477,0.196602845391609
0.371,-0.3090169943749482,-0.125333233564261,-0.37168361115707865,-0.01537928689686524
0.372,-0.5877852522924752,-0.7705132427757496,-0.9730418736803501,-1.0595527968503273
0.373,-0.80901699437495,-0.998026728428273,-1.3080303585890865,-1.2000140328902904
0.374,-0.9510565162951554,-0.6845471059287195,-1.293330069259515,-1.4767360283917852
0.375,-1.0,-6.075981269553319e-14,-1.0000000000000304,-0.9506616219688777
0.376,-0.951056516295155,0.6845471059286723,-0.6087829633308188,-0.5820466524370967
0.377,-0.8090169943749491,0.998026728428269,-0.3100036301608146,-0.21070806944172082
0.378,-0.587785252292474,0.7705132427757909,-0.20252863090457857,-0.24984186722769175
0.379,-0.3090169943749468,0.12533323356432516,-0.24635037759278422,0.0767034864439946
0.38,2.45176952084106e-15,-0.587785252292441,-0.2938926261462181,-0.2519656639617723
0.381,0.30901699437495145,-0.9822872507286885,-0.1821266309893928,-0.3596713379264601
0.382,0.587785252292478,-0.8443279255020256,0.1656212895414652,0.1735746556505045
0.383,0.809016994374952,-0.24868988716489185,0.684672050792506,0.9104981077384542
0.384,0.9510565162951565,0.4817536741017153,1.1919333533460141,1.0969258977401868
0.385,1.0,0.9510565162951479,1.475528258147574,1.6402227248561871
0.386,0.951056516295154,0.9048270524660352,1.4034700425281716,1.3333630791254536
0.387,0.8090169943749471,0.36812455268467664,0.9930792707172854,0.6453454565403596
0.388,0.5877852522924712,-0.3681245526846621,0.4037229759501402,0.1854820982387442
0.389,0.3090169943749435,-0.9048270524660044,-0.14339653185805867,0.06356980510895063
0.39,-5.882018519726826e-15,-0.9510565162951528,-0.47552825814758226,-0.5847178809496685
0.391,-0.3090169943749547,-0.4817536741017291,-0.5498938314258193,-0.690962008059633
0.392,-0.5877852522924808,0.2486898871648216,-0.46344030871007,-0.32823974993445326
0.393,-0.809016994374954,0.8443279255020173,-0.38685303162394535,-0.3940688880201102
0.394,-0.9510565162951575,0.9822872507286914,-0.45991289093081184,-0.5294943673932972
0.395,-1.0,0.5877852522924998,-0.7061073738537501,-0.6144579141803063
0.396,-0.9510565162951529,-0.12533323356430962,-1.0137231330773078,-0.9226595259316476
0.397,-0.809016994374945,-0.7705132427757809,-1.1942736157628355,-0.9507789694741261
0.398,-0.5877852522924685,-0.9980267284282736,-1.0867986165066053,-1.101424910695903
0.399,-0.30901699437494023,-0.6845471059286837,-0.651290547339282,-0.8321796084348854
0.4,9.312267518612591e-15,-1.175660927181459e-14,3.4339628827052965e-15,0.032298178566737765
0.401,0.30901699437495794,0.6845471059286666,0.6512905473392913,0.8618001975750891
0.402,0.5877852522924835,0.9980267284282721,1.0867986165066195,0.8531891107710599
0.403,0.809016994374956,0.7705132427757959,1.194273615762854,1.3628689297718113
0.404,0.9510565162951542,0.12533323356433296,1.0137231330773206,0.7088635867974622
0.405,1.0,-0.5877852522924808,0.7061073738537595,0.8417585897920707
0.406,0.9510565162951519,-0.982287250728687,0.4599128909308084,0.45419375241891025
0.40700000000000003,0.809016994374943,-0.8443279255020298,0.3868530316239281,0.25383657827048534
0.40800000000000003,0.5877852522924657,-0.2486898871648444,0.4634403087100435,0.4708995742032194
0.40900000000000003,0.3090169943749505,0.4817536741017085,0.5498938314258047,0.31103280206029776
0.41000000000000003,-1.2742516517498357e-14,0.9510565162951454,0.47552825814755995,0.31277956545985297
0.41100000000000003,-0.30901699437494773,0.9048270524660144,0.14339653185805945,0.14290089186112012
0.41200000000000003,-0.5877852522924862,0.3681245526846839,-0.4037229759501443,-0.6466331955730803
0.41300000000000003,-0.8090169943749497,-0.36812455268465477,-0.9930792707172771,-0.9217541884531866
0.41400000000000003,-0.9510565162951596,-0.9048270524660252,-1.4034700425281723,-1.6603911572964307
0.41500000000000004,-1.0,-0.9510565162951552,-1.4755282581475777,-1.443610839540028
0.41600000000000004,-0.9510565162951463,-0.481753674101736,-1.1919333533460144,-1.1229021295483874
0.417,-0.8090169943749578,0.24868988716481402,-0.6846720507925508,-0.6246193167891961
0.418,-0.5877852522924744,0.8443279255019827,-0.16562128954148303,-0.3716407526869365
0.419,-0.3090169943749608,0.9822872507286928,0.18212663098938564,0.32492371466597625
0.42,1.9619108011821185e-15,0.5877852522925061,0.293892626146255,0.0647549616705744
0.421,0.30901699437493746,-0.12533323356424544,0.24635037759281475,0.35540358725024745
0.422,0.5877852522924776,-0.7705132427757759,0.2025286309045896,0.1756071164280477
0.423,0.8090169943749433,-0.998026728428274,0.31000363016080634,0.2353224839017664
0.424,0.9510565162951563,-0.6845471059287309,0.6087829633307908,0.5852050869275373
0.425,1.0,-1.9596824708904003e-14,0.9999999999999902,0.9083559668187272
0.426,0.9510565162951585,0.6845471059286609,1.293330069259489,1.471640916254461
0.427,0.8090169943749473,0.998026728428268,1.3080303585890813,1.3816418284839258
0.428,0.5877852522924831,0.7705132427758009,0.9730418736803836,0.8476094967414184
0.429,0.30901699437494395,0.12533323356434073,0.37168361115711435,0.3635511023570687
0.43,8.81869491513412e-15,-0.5877852522924284,-0.29389262614620537,0.003527767959745187
0.431,-0.3090169943749542,-0.9822872507286855,-0.800160619739297,-1.033994941458904
0.432,-0.5877852522924688,-0.8443279255020341,-1.009949215043486,-0.9772416050152608
0.433,-0.8090169943749537,-0.24868988716490703,-0.9333619379574072,-1.1513545691346885
0.434,-0.951056516295153,0.4817536741017016,-0.7101796792443021,-1.0700190744277887
0.435,-1.0,0.951056516295143,-0.5244717418524285,-0.5236799297733378
0.436,-0.951056516295153,0.9048270524660419,-0.49864299006213203,-0.18737728034034945
0.437,-0.8090169943749537,0.36812455268469124,-0.624954718032608,-0.4421444058683147
0.438,-0.5877852522924688,-0.3681245526846475,-0.7718475286347926,-0.5310738300941363
0.439,-0.3090169943749542,-0.9048270524659977,-0.761430520607953,-0.6699698807342953
0.44,8.82240879895365e-15,-0.9510565162951575,-0.47552825814756994,-0.5822862303974297
0.441,0.30901699437494395,-0.4817536741017428,0.06814015732407255,0.07182815076663791
0.442,0.5877852522924831,0.24868988716480642,0.7121301958748864,0.33852927985809056
0.443,0.8090169943749473,0.8443279255020089,1.2311809571259518,1.2016232940998206
0.444,0.9510565162951585,0.9822872507286943,1.4422001416595056,1.4137446172970975
0.445,1.0,0.5877852522925124,1.2938926261462562,1.7429768145766835
0.446,0.9510565162951563,-0.12533323356429407,0.8883898995130093,0.911744167371831
0.447,0.8090169943749433,-0.7705132427757709,0.4237603729870579,0.5288003753893069
0.448,0.5877852522924776,-0.9980267284282746,0.0887718880783403,0.05452621710792142
0.449,0.30901699437493746,-0.6845471059286952,-0.03325655858941012,0.017619855514163098
0.45,1.9581969173625882e-15,-2.743704014599342e-14,-1.176032315563412e-14,-0.08822694805998908
0.451,-0.3090169943749608,0.6845471059286552,0.033256558589366825,-0.03149426107837133
0.452,-0.5877852522924744,0.9980267284282711,-0.0887718880783388,-0.2929119524841986
0.453,-0.8090169943749578,0.7705132427758059,-0.4237603729870548,-0.5150749821075168
0.454,-0.9510565162951552,0.1253332335643485,-0.888389899512981,-1.0114158269173052
0.455,-1.0,-0.587785252292468,-1.293892626146234,-1.1108240507286244
0.456,-0.9510565162951509,-0.9822872507286841,-1.442200141659493,-1.8636970916264894
0.457,-0.8090169943749497,-0.8443279255020383,-1.2311809571259689,-1.317666313928455
0.458,-0.5877852522924633,-0.24868988716485957,-0.712130195874893,-0.4232252338203999
0.459,-0.30901699437494773,0.48175367410169473,-0.06814015732410036,-0.40054246572482655
0.46,1.5682906796725182e-14,0.9510565162951407,0.47552825814758604,0.21307286323101005
0.461,0.3090169943749505,0.904827052466021,0.761430520607961,1.0041953198665101
0.462,0.5877852522924887,0.3681245526846985,0.771847528634838,0.7461035199504513
0.463,0.8090169943749514,-0.3681245526846402,0.6249547180326314,0.33221826548048555
0.464,0.9510565162951519,-0.9048270524660186,0.4986429900621426,0.7114675155066112
0.465,1.0,-0.95105651629516,0.5244717418524201,0.7102444165536946
0.466,0.9510565162951542,-0.4817536741017497,0.7101796792442794,0.6226342990300362
0.467,0.8090169943749393,0.24868988716485388,0.9333619379573663,0.8758209537394568
0.468,0.587785252292472,0.8443279255020046,1.0099492150434743,1.1769623962499516
0.46900000000000003,0.3090169943749309,0.9822872507286958,0.8001606197392788,0.5752207713298473
0.47000000000000003,-4.902301080408943e-15,0.5877852522924728,0.2938926261462315,0.20511485922068579
0.47100000000000003,-0.30901699437496727,-0.12533323356428627,-0.3716836111571104,-0.08568209565473639
0.47200000000000003,-0.5877852522924799,-0.7705132427757659,-0.9730418736803629,-1.430917798409407
0.47300000000000003,-0.8090169943749618,-0.9980267284282714,-1.3080303585890976,-1.2787925322552505
0.47400000000000003,-0.9510565162951573,-0.6845471059287009,-1.2933300692595078,-1.3583327919305634
0.47500000000000003,-1.0,-3.527725558308283e-14,-1.0000000000000175,-0.6527583070926757
0.47600000000000003,-0.9510565162951488,0.684547105928691,-0.6087829633308033,-0.41719480908404677
0.47700000000000004,-0.8090169943749457,0.9980267284282706,-0.3100036301608104,-0.1641203155819608
0.47800000000000004,-0.5877852522924577,0.7705132427758109,-0.20252863090455225,-0.569176698488272
0.47900000000000004,-0.3090169943749412,0.12533323356429987,-0.24635037759279124,-0.1837708333806553
0.48,-5.878304635907295e-15,-0.5877852522924157,-0.29389262614621375,-0.5061162759305565
0.481,0.30901699437493,-0.9822872507286826,-0.1821266309894113,-0.1183351414840951
0.482,0.5877852522924712,-0.8443279255020425,0.16562128954145,0.410475494467327
0.483,0.8090169943749387,-0.2486898871649222,0.6846720507924776,0.8455724320235678
0.484,0.951056516295154,0.48175367410168785,1.191933353345998,1.3400598204217875
0.485,1.0,0.9510565162951382,1.475528258147569,1.439672496448255
0.486,0.9510565162951521,0.9048270524660486,1.4034700425281763,1.460123227814433
0.487,0.809016994374952,0.3681245526847058,0.9930792707173048,0.7860792095601087
0.488,0.5877852522924665,-0.3681245526846329,0.40372297595015005,0.30112848158671157
0.489,0.30901699437495145,-0.904827052465991,-0.14339653185804407,-0.2749879182060929
0.49,-1.1762799078180474e-14,-0.9510565162951624,-0.475528258147593,-0.5116326727573204
0.491,-0.3090169943749468,-0.48175367410175657,-0.549893831425825,-0.8356208440019535
0.492,-0.5877852522924625,0.24868988716479123,-0.46344030871006686,-0.2720113737340198
0.493,-0.8090169943749491,0.8443279255020004,-0.3868530316239489,0.24618065155442648
0.494,-0.9510565162951506,0.9822872507286973,-0.459912890930802,-0.4648150892451184
0.495,-1.0,0.5877852522925251,-0.7061073738537375,-0.9369260989876435
0.496,-0.9510565162951554,-0.1253332335642785,-1.0137231330772947,-0.914190128372749
0.497,-0.8090169943749416,-0.7705132427757609,-1.194273615762822,-1.5018698403021595
0.498,-0.5877852522924751,-0.9980267284282756,-1.0867986165066128,-1.0281036782475348
0.499,-0.30901699437493463,-0.6845471059287066,-0.6512905473392879,-0.6076837782513603
0.5,9.82193361864236e-16,-4.3117471020172244e-14,-2.0576542148221887e-14,0.0192800063824226
0.501,0.3090169943749365,0.6845471059286438,0.6512905473392584,0.8589937489465134
0.502,0.5877852522924768,0.9980267284282701,1.086798616506612,1.2892911428040594
0.503,0.8090169943749428,0.7705132427758159,1.1942736157628508,1.3466383069312253
0.504,0.9510565162951561,0.12533323356436407,1.0137231330773382,1.0443166081243278
0.505,1.0,-0.5877852522924554,0.7061073738537723,0.8542814044605311
0.506,0.95105651629515,-0.9822872507286811,0.45991289093080945,0.32311870687429944
0.507,0.8090169943749479,-0.8443279255020467,0.38685303162392454,0.37856639433412365
0.508,0.5877852522924609,-0.24868988716487475,0.46344030871002356,0.599581343890396
0.509,0.3090169943749449,0.481753674101681,0.5498938314257854,0.9581946087220646
0.51,9.798412354452001e-15,0.9510565162951358,0.4755282581475777,0.25462543420115413
0.511,-0.3090169943749533,0.9048270524660278,0.14339653185806062,0.4602962583753876
0.512,-0.587785252292468,0.3681245526847131,-0.4037229759501115,-0.4378594038723551
0.513,-0.8090169943749531,-0.3681245526846256,-0.993079270717266,-0.8230224735077867
0.514,-0.9510565162951528,-0.9048270524660119,-1.4034700425281588,-1.4716704083537222
0.515,-1.0,-0.9510565162951649,-1.4755282581475824,-1.9054520431757775
0.516,-0.9510565162951533,-0.48175367410176345,-1.191933353346035,-1.2376194388352122
0.517,-0.8090169943749376,0.2486898871648387,-0.6846720507925182,-0.6759887265562892
0.518,-0.5877852522924696,0.8443279255019963,-0.16562128954147143,-0.4036792325950904
0.519,-0.30901699437492813,0.9822872507286987,0.18212663098942122,0.08594285360331799
0.52,7.842691359635767e-15,0.5877852522924855,0.29389262614625056,0.20921860425231448
0.521,0.30901699437494307,-0.12533323356427073,0.2463503775928077,0.03711826314673547
0.522,0.5877852522924824,-0.770513242775756,0.20252863090460438,0.3641446467187461
0.523,0.8090169943749468,-0.9980267284282724,0.31000363016081056,0.12995370954732166
0.524,0.9510565162951582,-0.6845471059287124,0.608782963330802,0.4042496546284139
0.525,1.0,-5.095768645726166e-14,0.9999999999999746,0.9308910705907694
0.526,0.9510565162951479,0.6845471059286795,1.2933300692594876,1.3458644242387758
0.527,0.8090169943749439,0.9980267284282696,1.3080303585890787,1.3257387175114945
0.528,0.5877852522924554,0.7705132427758209,0.9730418736803659,0.8128078151959771
0.529,0.3090169943749384,0.12533323356431544,0.37168361115709614,0.5940744604635853
0.53,2.937914356680471e-15,-0.587785252292449,-0.2938926261462216,-0.4116138759992315
0.531,-0.30901699437495983,-0.9822872507286796,-0.8001606197392996,-0.7982231210332492
0.532,-0.5877852522924736,-0.8443279255020204,-1.0099492150434837,-1.1816157935884135
0.533,-0.8090169943749571,-0.24868988716488236,-0.9333619379573983,-0.9869608144877847
0.534,-0.9510565162951549,0.48175367410167413,-0.7101796792443178,-0.9984933000131966
0.535,-1.0,0.9510565162951509,-0.5244717418524245,-0.31805225518152547
0.536,-0.9510565162951512,0.9048270524660311,-0.49864299006213564,-0.5987363653467652
0.537,-0.8090169943749336,0.3681245526847204,-0.6249547180325734,-0.5810606989637662
0.538,-0.587785252292464,-0.3681245526846712,-0.7718475286347997,-0.34261279121364213
0.539,-0.3090169943749486,-0.9048270524660086,-0.7614305206079529,-0.49131857202901824
0.54,1.4703189357407298e-14,-0.9510565162951673,-0.47552825814756894,-0.6878666483407316
0.541,0.30901699437494956,-0.4817536741017205,0.06814015732408932,-0.1944956191272378
0.542,0.5877852522924879,0.2486898871648311,0.7121301958749034,0.5253629121530119
0.543,0.8090169943749508,0.8443279255019921,1.2311809571259469,1.6077694526026436
0.544,0.9510565162951603,0.9822872507286895,1.4422001416595052,1.3749250141453437
0.545,1.0,0.5877852522924918,1.293892626146246,1.145851500622768
0.546,0.9510565162951458,-0.12533323356426296,0.8883898995130143,0.9452333122393081
0.547,0.8090169943749399,-0.7705132427757871,0.42376037298704633,0.2895006760579676
0.548,0.5877852522924728,-0.9980267284282729,0.08877188807833636,0.24884835088609136
0.549,0.30901699437493185,-0.684547105928718,-0.033256558589427165,-0.04108567888410326
0.55,-3.92258364109106e-15,-1.9544830335430583e-15,-4.899825157862589e-15,-0.01669891719881129
0.551,-0.3090169943749663,0.6845471059286737,0.033256558589370544,-0.23272579542643657
0.552,-0.5877852522924791,0.9980267284282691,-0.08877188807834457,-0.1777616706101947
0.553,-0.8090169943749612,0.7705132427757896,-0.4237603729870664,-0.9418660327307693
0.554,-0.951056516295157,0.12533323356432322,-0.8883898995129954,-0.5064385208484634
0.555,-1.0,-0.5877852522924427,-1.2938926261462214,-1.211802497772683
0.556,-0.9510565162951491,-0.9822872507286888,-1.4422001416594936,-1.2408960272497214
0.557,-0.8090169943749295,-0.8443279255020246,-1.2311809571259418,-1.1120631417904556
0.558,-0.5877852522924586,-0.24868988716488993,-0.7121301958749036,-0.559867403164154
0.559,-0.3090169943749421,0.48175367410171704,-0.0681401573240836,-0.17686586022736045
0.56,2.156368735517883e-14,0.9510565162951485,0.4755282581475958,0.5688085137351038
0.561,0.3090169943749561,0.9048270524660345,0.7614305206079733,0.38997774818113723
0.562,0.5877852522924935,0.3681245526846748,0.7718475286348309,1.1575680940806086
0.5630000000000001,0.8090169943749549,-0.3681245526846639,0.6249547180326229,0.5452200397993718
0.5640000000000001,0.9510565162951624,-0.9048270524660053,0.4986429900621598,0.3931087837891293
0.5650000000000001,1.0,-0.9510565162951521,0.524471741852424,0.40150742600630795
0.5660000000000001,0.9510565162951437,-0.48175367410172737,0.7101796792442799,0.5975325872494013
0.5670000000000001,0.8090169943749358,0.24868988716482351,0.9333619379573476,0.9021336430056378
0.5680000000000001,0.5877852522924673,0.8443279255020183,1.0099492150434763,0.9160122834483533
0.5690000000000001,0.30901699437492536,0.982287250728691,0.8001606197392709,0.8069132694446496
0.5700000000000001,-1.0783081638862592e-14,0.5877852522924522,0.2938926261462153,0.3182373638636521
0.5710000000000001,-0.3090169943749729,-0.12533323356431156,-0.37168361115712867,-0.41090433365188744
0.5720000000000001,-0.5877852522924847,-0.7705132427757821,-0.9730418736803758,-1.125549918536039
0.5730000000000001,-0.8090169943749652,-0.9980267284282699,-1.3080303585891002,-1.1037044659910182
0.5740000000000001,-0.9510565162951591,-0.6845471059286823,-1.2933300692595002,-1.0473079725061873
0.5750000000000001,-1.0,-9.794698470632472e-15,-1.0000000000000049,-1.15141252981006
0.5760000000000001,-0.951056516295147,0.6845471059287095,-0.6087829633307922,-0.2634850801379542
0.577,-0.8090169943749589,0.998026728428265,-0.3100036301608264,-0.2548114267707703
0.578,-0.587785252292476,0.7705132427758309,-0.20252863090456058,-0.16236611161738498
0.579,-0.3090169943749626,0.1253332335643874,-0.2463503775927689,-0.6188304837881264
0.58,2.475922546353431e-18,-0.5877852522923903,-0.29389262614619516,-0.20188916225928785
0.581,0.30901699437493557,-0.9822872507286767,-0.1821266309894028,-0.38033948204427187
0.582,0.587785252292453,-0.8443279255020593,0.1656212895414234,0.11712290164162284
0.583,0.8090169943749422,-0.2486898871649526,0.684672050792466,0.6879637617169949
0.584,0.951056516295147,0.48175367410166037,1.191933353345977,1.0436134789826788
0.585,1.0,0.9510565162951286,1.4755282581475644,1.5820812147767795
0.586,0.9510565162951591,0.904827052466062,1.40347004252819,1.0201639224280525
0.587,0.8090169943749486,0.368124552684735,0.993079270717316,0.8781260244294312
0.588,0.5877852522924847,-0.36812455268460376,0.4037229759501828,0.5296278912021359
0.589,0.30901699437494584,-0.9048270524659777,-0.14339653185804302,0.11445140405409904
0.59,1.0778129793769884e-14,-0.9510565162951721,-0.47552825814757527,-0.3574196350501621
0.591,-0.3090169943749524,-0.48175367410178405,-0.5498938314258444,-0.8780838964637818
0.592,-0.5877852522924673,0.24868988716476084,-0.46344030871008685,-0.21042067481902815
0.593,-0.8090169943749358,0.8443279255019837,-0.38685303162394397,-0.7017723994254923
0.594,-0.9510565162951524,0.9822872507287032,-0.45991289093080084,-0.3842768138676591
0.595,-1.0,0.5877852522925505,-0.7061073738537247,-0.5379549589509065
0.596,-0.9510565162951536,-0.1253332335642474,-1.0137231330772773,-1.0950327458368125
0.597,-0.8090169943749549,-0.770513242775741,-1.1942736157628253,-1.4085809388046537
0.598,-0.5877852522924705,-0.9980267284282774,-1.0867986165066092,-1.416934852751326
0.599,-0.3090169943749561,-0.6845471059287295,-0.6512905473393209,-0.8824731444808008
0.6,6.8629739203178846e-15,-7.44783327685299e-14,-3.037619246394707e-14,-0.14538233797769476
0.601,0.3090169943749421,0.6845471059286209,0.6512905473392525,0.5942619834244909
0.602,0.5877852522924586,0.9980267284282681,1.0867986165065926,0.7658424521384469
0.603,0.8090169943749462,0.7705132427758359,1.1942736157628642,0.9494424709918408
0.604,0.9510565162951491,0.12533323356439516,1.0137231330773466,0.8133034105805538
0.605,1.0,-0.58778525229243,0.7061073738537851,0.9627547408788398
0.606,0.951056516295157,-0.9822872507286752,0.4599128909308194,0.8629008711930972
0.607,0.8090169943749445,-0.8443279255020635,0.3868530316239127,0.5800923448777222
0.608,0.5877852522924791,-0.24868988716490514,0.46344030871002656,0.286156656177869
0.609,0.3090169943749393,0.48175367410165354,0.5498938314257661,0.7840049786903986
0.61,3.917631795998353e-15,0.9510565162951261,0.475528258147567,0.43301494476031965
0.611,-0.30901699437493185,0.9048270524660411,0.1433965318580887,0.24669191541940577
0.612,-0.5877852522924728,0.36812455268474226,-0.40372297595010165,-0.4899423324512453
0.613,-0.8090169943749399,-0.3681245526845965,-0.9930792707172381,-1.1085428339462486
0.614,-0.9510565162951545,-0.9048270524659985,-1.4034700425281539,-1.5567038215192732
0.615,-1.0,-0.9510565162951745,-1.4755282581475873,-1.6710694016548415
0.616,-0.9510565162951515,-0.48175367410179093,-1.191933353346047,-1.1867191508055723
0.617,-0.8090169943749508,0.24868988716480833,-0.6846720507925466,-0.924225284200942
0.618,-0.5877852522924649,0.8443279255019794,-0.1656212895414752,-0.05294065135801565
0.619,-0.30901699437494956,0.9822872507287046,0.18212663098940274,0.2723487665646646
0.62,1.3723471918089415e-14,0.5877852522925109,0.29389262614626915,0.35998662056724634
0.621,0.3090169943749486,-0.12533323356423962,0.2463503775928288,0.3644704725692268
0.622,0.5877852522924641,-0.770513242775736,0.20252863090459616,0.13701625986250196
0.623,0.8090169943749502,-0.9980267284282744,0.310003630160813,0.4117930210581988
0.624,0.9510565162951512,-0.6845471059287352,0.6087829633307835,0.6423142384411927
0.625,1.0,-2.54751293448113e-14,0.9999999999999872,0.8822644567483783
0.626,0.9510565162951549,0.6845471059286566,1.2933300692594831,1.155047458404439
0.627,0.8090169943749405,0.9980267284282677,1.3080303585890742,1.0930520924977531
0.628,0.5877852522924736,0.7705132427758046,0.9730418736803759,1.043629089653804
0.629,0.3090169943749328,0.12533323356434656,0.3716836111571061,0.34912071794572447
0.63,-2.942866201773178e-15,-0.5877852522924236,-0.29389262614621475,-0.19233917095551417
0.631,-0.3090169943749384,-0.9822872507286844,-0.8001606197392805,-0.6496351926179424
0.632,-0.5877852522924784,-0.8443279255020372,-1.009949215043497,-0.654737766401057
0.633,-0.8090169943749439,-0.24868988716491272,-0.9333619379574003,-0.7703187870418664
0.634,-0.9510565162951566,0.48175367410169645,-0.7101796792443085,-0.5138273832752074
0.635,-1.0,0.9510565162951412,-0.5244717418524294,-0.5218866692288837
0.636,-0.9510565162951494,0.9048270524660444,-0.4986429900621272,-0.47497116039354714
0.637,-0.8090169943749468,0.3681245526846967,-0.6249547180325985,-0.4794649419997018
0.638,-0.5877852522924594,-0.368124552684642,-0.7718475286347803,-0.9153249371224108
0.639,-0.30901699437494307,-0.9048270524659952,-0.7614305206079406,-0.5311039385205604
0.64,-7.83773951454306e-15,-0.9510565162951594,-0.47552825814758753,-0.3433961826759059
0.641,0.30901699437495517,-0.48175367410174796,0.06814015732408119,0.005628051998803438
0.642,0.5877852522924697,0.24868988716480073,0.71213019587487,0.5462589845727002
0.643,0.8090169943749543,0.8443279255020057,1.2311809571259573,1.305550630123114
0.644,0.9510565162951533,0.9822872507286954,1.442200141659501,1.4244300981743003
0.645,1.0,0.5877852522925172,1.2938926261462587,1.3895032945703083
0.646,0.9510565162951528,-0.12533323356428822,0.8883898995130086,1.4109973530984399
0.647,0.8090169943749365,-0.7705132427757672,0.4237603729870529,0.4120638046859774
0.648,0.587785252292468,-0.9980267284282749,0.08877188807833059,-0.18868784013934098
0.649,0.3090169943749533,-0.6845471059286995,-0.03325655858939647,0.22718596953423964
0.65,-9.803364199544709e-15,-3.331534478190071e-14,-2.6461036590495063e-14,0.22512438449223146
0.651,-0.3090169943749449,0.6845471059286509,0.033256558589380536,0.0011297882405893259
0.652,-0.5877852522924839,0.9980267284282707,-0.08877188807834857,-0.45661265959680586
0.653,-0.8090169943749479,0.7705132427758096,-0.4237603729870431,-0.3868753215336452
0.654,-0.9510565162951587,0.12533323356435433,-0.8883898995129815,-0.8624780436212446
0.655,-1.0,-0.5877852522924633,-1.2938926261462316,-1.2182864308618198
0.656,-0.9510565162951473,-0.982287250728683,-1.4422001416594887,-1.2546595021920126
0.657,-0.8090169943749428,-0.8443279255020414,-1.2311809571259635,-1.1529999357783687
0.658,-0.5877852522924538,-0.24868988716486526,-0.7121301958748865,-0.6470264780750098
0.659,-0.3090169943749365,0.48175367410168957,-0.06814015732409173,-0.374629323710469
0.66,-9.772415167715292e-16,0.9510565162951388,0.4755282581475684,0.49994970472483025
0.661,0.30901699437496166,0.9048270524660236,0.7614305206079734,1.1030891257322877
0.662,0.5877852522924752,0.36812455268470395,0.7718475286348272,0.9151002641476227
0.663,0.8090169943749583,-0.36812455268463473,0.6249547180326409,0.5307224283407359
0.664,0.9510565162951554,-0.904827052466016,0.4986429900621474,0.23790158822249874
0.665,1.0,-0.9510565162951619,0.5244717418524191,0.43501802070784684
0.666,0.9510565162951506,-0.48175367410175485,0.7101796792442732,0.8998223046840494
0.667,0.8090169943749324,0.2486898871648482,0.9333619379573564,1.144083560007686
0.668,0.5877852522924625,0.8443279255020015,1.0099492150434632,0.8885822137023617
0.669,0.3090169943749468,0.9822872507286969,0.8001606197392952,0.6875078677236377
0.67,-1.666386219731624e-14,0.5877852522924776,0.29389262614622214,0.19155705003231233
0.671,-0.30901699437495145,-0.12533323356428044,-0.3716836111570917,-0.4297290666004933
0.672,-0.5877852522924895,-0.7705132427757622,-0.9730418736803705,-1.1254437303094955
0.673,-0.809016994374952,-0.9980267284282718,-1.3080303585890878,-1.2177689996022076
0.674,-0.9510565162951609,-0.6845471059287052,-1.2933300692595133,-1.3816260134485607
0.675,-1.0,-4.1155560218990125e-14,-1.0000000000000207,-0.9925728857848815
0.676,-0.9510565162951452,0.6845471059286866,-0.608782963330802,-0.6320089616086938
0.677,-0.8090169943749387,0.9980267284282702,-0.31000363016080357,-0.29439198837231473
0.678,-0.5877852522924712,0.7705132427758146,-0.20252863090456397,-0.3430418855407106
0.679,-0.30901699437492997,0.12533323356430573,-0.24635037759277711,-0.4293293023113405
0.68,5.883256481000002e-15,-0.587785252292411,-0.2938926261461996,-0.22338708828405152
0.681,0.3090169943749682,-0.9822872507286815,-0.18212663098937254,-0.14010878966522589
0.682,0.5877852522924808,-0.8443279255020152,0.1656212895414732,0.2449002798733138
0.683,0.8090169943749623,-0.2486898871649279,0.6846720507924984,0.656047731745941
0.684,0.9510565162951575,0.48175367410168274,1.1919333533459988,1.6802236035510185
0.685,1.0,0.951056516295154,1.475528258147577,1.4196619711674496
0.686,0.9510565162951485,0.9048270524660511,1.403470042528174,0.9893047684969902
0.687,0.8090169943749284,0.3681245526847113,0.993079270717284,1.1614298129222052
0.6880000000000001,0.5877852522924569,-0.3681245526846803,0.40372297595011675,0.3825246634763255
0.6890000000000001,0.30901699437494023,-0.9048270524659885,-0.143396531858054,-0.19778728171511165
0.6900000000000001,-2.352436019508777e-14,-0.9510565162951642,-0.47552825814760563,-0.5397134193854329
0.6910000000000001,-0.30901699437495794,-0.4817536741017119,-0.5498938314258139,-0.5392265084825182
0.6920000000000001,-0.587785252292495,0.24868988716478554,-0.4634403087101022,-0.13873438141318423
0.6930000000000001,-0.809016994374956,0.8443279255019973,-0.38685303162395734,-0.36795000531184263
0.6940000000000001,-0.951056516295163,0.9822872507286877,-0.4599128909308191,-0.5847842399278662
0.6950000000000001,-1.0,0.5877852522924379,-0.7061073738537811,-0.5062486127841762
0.6960000000000001,-0.951056516295143,-0.12533323356427267,-1.0137231330772793,-1.1533556203165314
0.6970000000000001,-0.8090169943749347,-0.7705132427757934,-1.1942736157628313,-1.4670452998754218
0.6980000000000001,-0.5877852522924657,-0.9980267284282688,-1.0867986165066001,-0.800999796482661
0.6990000000000001,-0.30901699437492347,-0.6845471059287109,-0.6512905473392789,-0.20012199422036447
0.7000000000000001,1.2743754478771533e-14,7.847643204728474e-15,1.666757608113577e-14,0.06121106023606805
0.7010000000000001,0.30901699437497476,0.6845471059287224,0.651290547339336,0.7342516926519145
0.7020000000000001,0.5877852522924863,0.9980267284282698,1.0867986165066212,1.1732722979372254
0.7030000000000001,0.8090169943749663,0.7705132427757834,1.194273615762858,1.0023818932001511
0.704,0.9510565162951509,0.1253332335643699,1.0137231330773357,1.0305297782893856
0.705,1.0,-0.5877852522923587,0.7061073738538206,1.0535830184978303
0.706,0.9510565162951552,-0.9822872507286694,0.4599128909308205,0.6807661493346785
0.707,0.8090169943749578,-0.8443279255020498,0.38685303162393286,0.316447050010209
0.708,0.5877852522924744,-0.24868988716499058,0.4634403087099791,0.45762610028184986
0.709,0.3090169943749608,0.481753674101626,0.5498938314257737,0.365395145125023
0.71,-1.963148762455295e-15,0.951056516295134,0.47552825814756505,0.6446836607360025
0.711,-0.30901699437493746,0.9048270524660786,0.14339653185810186,0.4021102424463782
0.712,-0.5877852522924546,0.3681245526847714,-0.4037229759500689,-0.5958049763145228
0.713,-0.8090169943749433,-0.36812455268462013,-0.9930792707172534,-1.0207249864842427
0.714,-0.9510565162951475,-0.904827052465961,-1.4034700425281281,-1.5018526752625305
0.715,-1.0,-0.9510565162951842,-1.4755282581475921,-1.5110699249287471
0.716,-0.9510565162951585,-0.48175367410176856,-1.1919333533460428,-0.899316372129469
0.717,-0.8090169943749473,0.24868988716472287,-0.6846720507925859,-1.1684983051063629
0.718,-0.5877852522924831,0.8443279255019627,-0.1656212895415018,0.03909552640493974
0.719,-0.30901699437494395,0.9822872507286998,0.18212663098940596,0.3033639244457107
0.72,-8.817456953860943e-15,0.5877852522925823,0.2938926261462823,0.22611801387516567
0.721,0.3090169943749542,-0.1253332335642085,0.24635037759284997,0.2541826940464588
0.722,0.5877852522924688,-0.7705132427757522,0.20252863090459272,-0.08197569809029004
0.723,0.809016994374937,-0.99802672842828,0.310003630160797,0.2133044285207802
0.724,0.951056516295153,-0.684547105928758,0.608782963330774,0.5871229561633053
0.725,1.0,-5.6835991093168957e-14,0.9999999999999716,1.004482330642785
0.726,0.951056516295153,0.6845471059285924,1.2933300692594492,1.445911122203026
0.727,0.8090169943749537,0.9980267284282657,1.3080303585890865,1.4526058630401408
0.728,0.5877852522924688,0.7705132427758246,0.9730418736803811,1.1776739323720173
0.729,0.3090169943749542,0.12533323356443407,0.37168361115717125,0.5015746657102594
0.73,-8.823646760226826e-15,-0.5877852522923983,-0.293892626146208,0.022960783912925886
0.731,-0.30901699437494395,-0.9822872507286785,-0.8001606197392832,-0.4990692075124257
0.732,-0.5877852522924601,-0.8443279255020845,-1.0099492150435023,-0.9328573449337891
0.733,-0.8090169943749473,-0.2486898871649431,-0.933361937957419,-0.7364233803571215
0.734,-0.9510565162951496,0.48175367410166897,-0.7101796792443151,-1.1669193880717865
0.735,-1.0,0.951056516295114,-0.5244717418524429,-0.13445965250071912
0.736,-0.9510565162951563,0.9048270524660578,-0.4986429900621274,-0.36388515725655834
0.737,-0.8090169943749433,0.3681245526847258,-0.6249547180325804,-0.5929248167255964
0.738,-0.5877852522924776,-0.36812455268456,-0.7718475286347576,-0.6185467832782952
0.739,-0.30901699437493746,-0.9048270524659818,-0.7614305206079284,-0.9804437400260394
0.74,-1.9569589560894117e-15,-0.9510565162951691,-0.4755282581475865,0.013811651212295606
0.741,0.30901699437493374,-0.4817536741018253,0.0681401573240211,0.05517091096207692
0.742,0.5877852522924744,0.24868988716477036,0.7121301958748596,0.4966497591226357
0.743,0.809016994374941,0.8443279255019889,1.2311809571259356,1.2741831334709701
0.744,0.9510565162951552,0.9822872507287119,1.4422001416595112,1.6691918082196564
0.745,1.0,0.5877852522925425,1.2938926261462713,1.1561951737040774
0.746,0.9510565162951509,-0.1253332335642571,0.8883898995130223,1.1768148257062037
0.747,0.8090169943749497,-0.7705132427757109,0.42376037298709424,0.5089105788853835
0.748,0.5877852522924633,-0.9980267284282769,0.08877188807832481,-0.21786863969496761
0.749,0.3090169943749477,-0.6845471059287224,-0.03325655858941351,-0.2506210534232537
0.75,1.273756467240565e-14,-1.2151962539106638e-13,-4.802224802312754e-14,0.08763029523868544
0.751,-0.3090169943749505,0.684547105928628,0.033256558589363494,0.2550037826030598
0.752,-0.5877852522924657,0.9980267284282688,-0.0887718880783313,-0.002302558122801751
0.753,-0.8090169943749514,0.7705132427757934,-0.42376037298705477,-0.38576697817730243
0.754,-0.9510565162951519,0.12533323356438544,-0.8883898995129591,-1.2918705917246798
0.755,-1.0,-0.5877852522924379,-1.293892626146219,-1.5844633559888575
0.756,-0.9510565162951542,-0.9822872507286877,-1.442200141659498,-1.6637199316698348
0.757,-0.8090169943749393,-0.8443279255020583,-1.2311809571259684,-1.260138418659099
0.758,-0.587785252292472,-0.24868988716489565,-0.7121301958749199,-0.2528110864683998
0.759,-0.3090169943749309,0.48175367410171194,-0.06814015732407494,-0.05875070400467687
0.76,4.90353904168212e-15,0.9510565162951291,0.47552825814756944,0.16282023751784225
0.761,0.30901699437494023,0.9048270524660369,0.7614305206079587,0.8111993157819177
0.762,0.5877852522924799,0.3681245526846803,0.7718475286348201,0.9068940312157726
0.763,0.809016994374945,-0.3681245526846056,0.6249547180326422,0.12847246829808967
0.764,0.9510565162951573,-0.9048270524660027,0.49864299006215596,0.5506921526163626
0.765,1.0,-0.951056516295154,0.524471741852423,0.49947284796093994
0.766,0.9510565162951488,-0.4817536741017823,0.7101796792442576,0.459507768400253
0.767,0.8090169943749457,0.24868988716481782,0.9333619379573546,0.7366534244187749
0.768,0.5877852522924577,0.8443279255020152,1.0099492150434652,1.2439360078182284
0.769,0.3090169943749412,0.9822872507287028,0.8001606197392925,0.9184345221373027
0.77,5.877066674634119e-15,0.5877852522925029,0.29389262614625733,0.32741288576257493
0.771,-0.30901699437495705,-0.12533323356430573,-0.3716836111571099,-0.14663440306889108
0.772,-0.5877852522924712,-0.7705132427757422,-0.9730418736803423,-0.7683482079559427
0.773,-0.8090169943749554,-0.9980267284282738,-1.3080303585890922,-1.6075060757455715
0.774,-0.951056516295154,-0.6845471059286866,-1.2933300692594973,-1.573430768106933
0.775,-1.0,-7.251642196734778e-14,-1.0000000000000362,-0.8772628221973363
0.776,-0.9510565162951521,0.6845471059286637,-0.6087829633308202,-0.3063314252677716
0.777,-0.8090169943749352,0.9980267284282718,-0.31000363016079935,0.04366463699700612
0.778,-0.5877852522924665,0.7705132427758346,-0.2025286309045492,-0.11539520355636482
0.779,-0.30901699437495145,0.12533323356433684,-0.24635037759278303,-0.21736133976844552
0.78,1.1764037039453651e-14,-0.5877852522924776,-0.293892626146227,-0.3699964727674392
0.781,0.3090169943749468,-0.9822872507286756,-0.18212663098939103,0.11721349313147689
0.782,0.5877852522924855,-0.844327925502032,0.16562128954146949,0.1863327596918135
0.783,0.8090169943749491,-0.24868988716484816,0.684672050792525,0.9596034052220304
0.784,0.9510565162951594,0.48175367410165526,1.191933353345987,1.4956595992582442
0.785,1.0,0.9510565162951442,1.4755282581475722,1.2998343166114361
0.786,0.9510565162951466,0.904827052466016,1.4034700425281548,1.677505442217481
0.787,0.8090169943749416,0.3681245526847404,0.9930792707173117,1.1478800827963274
0.788,0.5877852522924522,-0.36812455268465116,0.4037229759501266,0.4906845344985231
0.789,0.30901699437493463,-0.9048270524660236,-0.14339653185807716,0.06767024950486861
0.79,-9.834313231374127e-16,-0.951056516295174,-0.475528258147588,-0.6057131608653354
0.791,-0.30901699437496355,-0.48175367410173936,-0.5498938314258333,-0.4226545249882628
0.792,-0.5877852522924768,0.2486898871648653,-0.46344030871004416,-0.2918039234991593
0.793,-0.8090169943749594,0.8443279255019805,-0.38685303162396917,-0.24215822734830506
0.794,-0.9510565162951561,0.9822872507286936,-0.4599128909308093,-0.6119769718792866
0.795,-1.0,0.5877852522924633,-0.7061073738537684,-0.7869293711032828
0.796,-0.95105651629515,-0.12533323356424156,-1.0137231330772707,-0.9275207087861645
0.797,-0.8090169943749312,-0.7705132427757734,-1.194273615762818,-1.4478477582901212
0.798,-0.5877852522924609,-0.9980267284282707,-1.0867986165065964,-1.236061212765426
0.799,-0.3090169943749449,-0.6845471059287338,-0.6512905473393118,-0.6938420154821913
0.8,1.8624535037225183e-14,-2.351321854362918e-14,6.867925765410593e-15,-0.05831873138670191
0.801,0.3090169943749533,0.6845471059286995,0.651290547339303,0.512931052755015
0.802,0.587785252292491,0.9980267284282678,1.0867986165066248,1.324786900610767
0.803,0.8090169943749531,0.7705132427758034,1.1942736157628548,1.2409578582784528
0.804,0.9510565162951615,0.12533323356428822,1.0137231330773055,0.6886454259079098
0.805,1.0,-0.5877852522924253,0.7061073738537873,0.5727365708239927
0.806,0.9510565162951445,-0.9822872507286847,0.4599128909308022,0.46865638899267387
0.807,0.8090169943749376,-0.8443279255020057,0.3868530316239347,0.675317853125351
0.808,0.5877852522924696,-0.24868988716491083,0.4634403087100142,0.7455996185999829
0.809,0.30901699437492813,0.48175367410169817,0.5498938314257772,0.19206819445277523
0.81,-7.843929320908943e-15,0.9510565162951594,0.4755282581475719,0.8291716687129462
0.811,-0.3090169943749701,0.9048270524660436,0.14339653185805168,0.24523998351728932
0.812,-0.5877852522924824,0.36812455268469485,-0.40372297595013495,-0.1539379196815888
0.8130000000000001,-0.8090169943749635,-0.3681245526846967,-0.993079270717312,-1.1552669469059786
0.8140000000000001,-0.9510565162951582,-0.904827052465996,-1.403470042528156,-1.2332657580009356
0.8150000000000001,-1.0,-0.9510565162951587,-1.4755282581475795,-1.4884346229989025
0.8160000000000001,-0.9510565162951479,-0.48175367410169645,-1.1919333533459961,-0.8989305214587466
0.8170000000000001,-0.8090169943749439,0.24868988716480261,-0.6846720507925426,-1.0808904026293575
0.8180000000000001,-0.5877852522924784,0.8443279255020067,-0.16562128954147498,-0.5953868235228521
0.8190000000000001,-0.30901699437491137,0.9822872507286844,0.18212663098943083,-0.3818958690291959
0.8200000000000001,2.5485033034996715e-14,0.5877852522925157,0.2938926261462833,0.1443860172488062
0.8210000000000001,0.30901699437495983,-0.1253332335642902,0.24635037759281475,0.2780428225020414
0.8220000000000001,0.5877852522924736,-0.7705132427758046,0.2025286309045713,-0.15090960255780927
0.8230000000000001,0.8090169943749739,-0.9980267284282748,0.3100036301608365,0.3537687746172077
0.8240000000000001,0.9510565162951636,-0.684547105928698,0.6087829633308146,0.7998480497764778
0.8250000000000001,1.0,2.548998488008942e-14,1.0000000000000127,0.78600234932401
0.8260000000000001,0.9510565162951512,0.6845471059286523,1.2933300692594774,1.3487181956282186
0.8270000000000001,0.8090169943749502,0.9980267284282709,1.3080303585890856,1.4442044989571061
0.8280000000000001,0.587785252292441,0.7705132427757722,0.9730418736803271,0.9468008774553949
0.8290000000000001,0.3090169943749216,0.1253332335643524,0.3716836111570978,0.5413927543313171
0.8300000000000001,-1.4704427318680477e-14,-0.5877852522924649,-0.29389262614624717,-0.3864456010212555
0.8310000000000001,-0.30901699437494956,-0.9822872507286939,-0.8001606197392965,-0.8591549620359897
0.8320000000000001,-0.5877852522925109,-0.8443279255020404,-1.0099492150435312,-1.0222462237088086
0.833,-0.8090169943749341,-0.24868988716497348,-0.9333619379574208,-0.5113485110415874
0.834,-0.9510565162951428,0.4817536741016415,-0.710179679244322,-0.7022820767953751
0.835,-1.0,0.9510565162951394,-0.5244717418524303,-0.49967225610156285
0.836,-0.9510565162951545,0.9048270524660711,-0.498642990062119,-0.2729521575978482
0.837,-0.8090169943749566,0.368124552684755,-0.6249547180325791,-0.7740173904700101
0.838,-0.5877852522924958,-0.36812455268463656,-0.7718475286348141,-0.48131736519397045
0.839,-0.30901699437493185,-0.9048270524659685,-0.7614305206079162,-0.5649273987197231
0.84,3.923821602364237e-15,-0.9510565162951787,-0.4755282581475854,-0.265626862833832
0.841,0.3090169943749393,-0.4817536741017531,0.06814015732406273,0.10300273844588043
0.842,0.5877852522924562,0.24868988716473997,0.7121301958748262,0.7537868250203672
0.843,0.8090169943749278,0.8443279255019721,1.2311809571259138,1.3542716901150533
0.844,0.951056516295157,0.9822872507286965,1.4422001416595052,1.163521634995311
0.845,1.0,0.587785252292568,1.293892626146284,1.4385038130494912
0.846,0.9510565162951579,-0.125333233564226,0.8883898995130448,0.8059561656988855
0.847,0.8090169943749629,-0.7705132427757634,0.4237603729870812,0.531215666145413
0.848,0.5877852522924585,-0.9980267284282789,0.08877188807831904,-0.16539626502692178
0.849,0.3090169943749421,-0.6845471059287452,-0.033256558589430496,-0.5656108364673775
0.85,6.856784113952001e-15,-3.9193649417808005e-14,-1.2740040594952002e-14,-0.0892176566693057
0.851,-0.3090169943749291,0.6845471059286051,0.033256558589373486,-0.39623641506232954
0.852,-0.5877852522924475,0.9980267284282668,-0.0887718880783141,-0.44987837317883395
0.853,-0.8090169943749549,0.7705132427758133,-0.4237603729870482,-0.3754521572727403
0.854,-0.9510565162951536,0.12533323356441656,-0.8883898995129453,-0.8187951202060173
0.855,-1.0,-0.5877852522924125,-1.2938926261462063,-1.459498673207001
0.856,-0.9510565162951612,-0.9822872507286818,-1.442200141659502,-1.7142156066115124
0.857,-0.8090169943749358,-0.844327925502075,-1.2311809571259733,-0.9716984114249476
0.858,-0.5877852522924673,-0.24868988716492602,-0.7121301958749302,-0.8524687221635555
0.859,-0.30901699437495234,0.48175367410168446,-0.0681401573241101,-0.3706163328030229
0.86,-1.763738983026824e-14,0.9510565162951194,0.47552825814754207,0.21869555420286735
0.861,0.3090169943749188,0.9048270524660502,0.7614305206079439,0.6774696167849985
0.862,0.5877852522924847,0.36812455268470945,0.7718475286348394,1.1195191458018814
0.863,0.8090169943749486,-0.36812455268457644,0.6249547180326603,0.34774410183629534
0.864,0.9510565162951503,-0.9048270524659894,0.4986429900621556,0.9446720859785469
0.865,1.0,-0.9510565162951636,0.5244717418524182,0.1627765256466437
0.866,0.951056516295147,-0.4817536741018098,0.7101796792442421,0.7538972814355068
0.867,0.8090169943749422,0.24868988716478743,0.9333619379573359,1.148290159060763
0.868,0.587785252292476,0.8443279255019983,1.0099492150434752,1.1156639844767406
0.869,0.3090169943749626,0.9822872507287086,0.800160619739317,0.9446886884159844
0.87,-2.842542331422354e-14,0.5877852522925283,0.29389262614623574,0.4744724394866754
0.871,-0.3090169943749626,-0.12533323356427462,-0.3716836111570999,-0.4384692402008374
0.872,-0.587785252292476,-0.7705132427757222,-0.9730418736803371,-1.1506993721830139
0.873,-0.8090169943749422,-0.9980267284282758,-1.3080303585890802,-1.1351854586126693
0.874,-0.951056516295147,-0.6845471059287095,-1.2933300692595018,-1.5976680648105552
0.875,-1.0,-1.0387728371570544e-13,-1.000000000000052,-1.214345391382972
0.876,-0.9510565162951503,0.6845471059286409,-0.6087829633308299,-0.22320892925480101
0.877,-0.8090169943749486,0.9980267284282699,-0.3100036301608136,-0.13194616449557822
0.878,-0.5877852522924847,0.7705132427758546,-0.20252863090455736,0.1936158448456095
0.879,-0.3090169943749188,0.12533323356436796,-0.24635037759273481,-0.3263856198156065
0.88,1.76448175979073e-14,-0.5877852522924522,-0.2938926261462084,0.012263956778503948
0.881,0.3090169943749524,-0.9822872507286697,-0.18212663098938248,0.00010071672189454484
0.882,0.5877852522924673,-0.8443279255020487,0.1656212895414429,0.13386927405510973
0.883,0.8090169943749358,-0.24868988716487855,0.6846720507924965,0.23382851718734965
0.884,0.9510565162951612,0.4817536741016277,1.191933353345975,1.3788302998863793
0.885,1.0,0.9510565162951345,1.4755282581475673,1.9498159873595955
0.886,0.9510565162951536,0.9048270524660295,1.4034700425281683,0.9854779971785721
0.887,0.8090169943749549,0.36812455268476957,0.9930792707173397,0.900884980734618
0.888,0.5877852522924475,-0.36812455268462196,0.4037229759501365,0.6202154933801656
0.889,0.3090169943749291,-0.9048270524660103,-0.14339653185807605,-0.049715904050318394
0.89,-6.8642118815910615e-15,-0.9510565162951836,-0.4755282581475987,-0.4856949327270533
0.891,-0.3090169943749421,-0.4817536741017669,-0.5498938314258256,-0.7213831707838158
0.892,-0.5877852522924586,0.2486898871648349,-0.46344030871004116,-0.7332769004499863
0.893,-0.8090169943749629,0.8443279255019637,-0.38685303162398105,-0.3310602023081147
0.894,-0.9510565162951579,0.9822872507286995,-0.4599128909308081,-0.7063266814567292
0.895,-1.0,0.5877852522924887,-0.7061073738537557,-0.6324702999937889
0.896,-0.951056516295157,-0.12533323356421044,-1.0137231330772623,-0.9514404459094699
0.897,-0.8090169943749278,-0.7705132427757534,-1.1942736157628044,-1.0868669255289412
0.898,-0.5877852522924562,-0.9980267284282727,-1.0867986165065924,-1.4066015874589586
0.899,-0.3090169943749393,-0.6845471059287567,-0.6512905473393176,-0.5440254731523743
0.9,-3.9163938347251765e-15,-5.487408029198684e-14,-3.135343398071859e-14,0.04125712571522023
0.901,0.30901699437493185,0.6845471059286766,0.6512905473392702,0.42343774153383357
0.902,0.5877852522924958,0.9980267284282658,1.0867986165066288,0.9015274341646273
0.903,0.8090169943749566,0.7705132427758233,1.1942736157628682,1.0014419089038635
0.904,0.9510565162951545,0.12533323356431933,1.0137231330773142,0.9850200700553446
0.905,1.0,-0.5877852522923999,0.7061073738538001,0.7267376625035811
0.906,0.9510565162951428,-0.982287250728679,0.4599128909308033,0.4691784461675229
0.907,0.8090169943749341,-0.8443279255020225,0.38685303162392287,0.4942811405688418
0.908,0.5877852522924649,-0.2486898871649412,0.4634403087099943,0.417251399102207
0.909,0.30901699437494956,0.4817536741016707,0.5498938314257849,1.08819387864642
0.91,1.4696999551041415e-14,0.9510565162951496,0.47552825814758953,0.5831607131375047
0.911,-0.30901699437497565,0.904827052466057,0.14339653185805284,0.05746763545903415
0.912,-0.5877852522924871,0.36812455268472405,-0.4037229759501251,-0.5101963940054973
0.913,-0.8090169943749502,-0.36812455268466754,-0.993079270717284,-0.8910568955789636
0.914,-0.9510565162951512,-0.9048270524659827,-1.4034700425281426,-1.312988755287207
0.915,-1.0,-0.9510565162951685,-1.4755282581475844,-1.555884140787169
0.916,-0.9510565162951461,-0.4817536741017239,-1.1919333533460081,-0.708025026300151
0.917,-0.8090169943749405,0.24868988716477225,-0.6846720507925543,-0.584539357139794
0.918,-0.5877852522924736,0.84432792550199,-0.1656212895414786,0.08935751083774707
0.919,-0.30901699437495983,0.9822872507286903,0.1821266309893853,0.21034469468288503
0.92,3.1365813593450365e-14,0.587785252292541,0.29389262614630185,0.46424527874697274
0.921,0.30901699437496544,-0.12533323356425907,0.2463503775928359,0.23497424344493176
0.922,0.5877852522924784,-0.7705132427757846,0.20252863090458606,0.1037349218091027
0.923,0.8090169943749439,-0.9980267284282768,0.3100036301608055,0.4330965180133743
0.924,0.9510565162951654,-0.6845471059287209,0.608782963330805,0.5194474304041019
0.925,1.0,-5.870876868268235e-15,0.9999999999999971,1.3430819266649365
0.926,0.9510565162951494,0.6845471059286294,1.293330069259464,1.562989592589327
0.927,0.8090169943749468,0.9980267284282689,1.3080303585890811,1.5341218359889301
0.928,0.5877852522924824,0.7705132427757921,0.9730418736803784,1.0206880607146465
0.929,0.30901699437491603,0.1253332335643835,0.3716836111571078,0.4573488645487561
0.93,-2.0585207877134124e-14,-0.5877852522924395,-0.29389262614624034,-0.4685009891576405
0.931,-0.30901699437495517,-0.982287250728688,-0.8001606197392992,-0.874623345759241
0.932,-0.5877852522924697,-0.8443279255020572,-1.0099492150434983,-0.773819000732733
0.933,-0.809016994374971,-0.24868988716489374,-0.9333619379574178,-0.8641847930272746
0.934,-0.9510565162951621,0.48175367410171366,-0.7101796792443053,-0.6755789334629909
0.935,-1.0,0.9510565162951297,-0.5244717418524352,-0.566067808717834
0.936,-0.9510565162951528,0.9048270524660361,-0.4986429900621347,-0.5753301949550819
0.937,-0.8090169943749197,0.3681245526846785,-0.6249547180325805,-0.40801582405185643
0.9380000000000001,-0.587785252292445,-0.3681245526846074,-0.7718475286347488,-0.4782733539108657
0.9390000000000001,-0.30901699437492625,-0.9048270524660036,-0.761430520607928,-0.5708330899420462
0.9400000000000001,9.804602160817886e-15,-0.9510565162951533,-0.47552825814756683,-0.3330549759696671
0.9410000000000001,0.3090169943749449,-0.4817536741017806,0.0681401573240546,-0.14109984071053364
0.9420000000000001,0.5877852522925069,0.2486898871648197,0.7121301958749168,0.6006417801771361
0.9430000000000001,0.8090169943749647,0.8443279255020162,1.2311809571259729,1.570626545127077
0.9440000000000001,0.9510565162951587,0.9822872507287024,1.44220014165951,1.0956649971381294
0.9450000000000001,1.0,0.5877852522925013,1.2938926261462507,1.3454903498818713
0.9460000000000001,0.9510565162951385,-0.12533323356430767,0.8883898995129847,1.2856029283972232
0.9470000000000001,0.809016994374926,-0.7705132427757434,0.4237603729870543,0.6105854631016521
0.9480000000000001,0.5877852522924538,-0.9980267284282737,0.08877188807831699,-0.24433996749226666
0.9490000000000001,0.3090169943749365,-0.6845471059286852,-0.03325655858940607,0.16211487270755565
0.9500000000000001,9.760035554983525e-16,-7.055451116616566e-14,-3.4301252027584476e-14,-0.33299692973611805
0.9510000000000001,-0.3090169943749887,0.6845471059286652,0.0332565585893439,0.2275430814637292
0.9520000000000001,-0.5877852522924982,0.9980267284282719,-0.08877188807836228,-0.24698013074054764
0.9530000000000001,-0.8090169943749583,0.7705132427758333,-0.42376037298704167,-0.16266987281794554
0.9540000000000001,-0.9510565162951554,0.12533323356433487,-0.888389899512988,-1.097745813519889
0.9550000000000001,-1.0,-0.5877852522924791,-1.2938926261462396,-1.4394486893149803
0.9560000000000001,-0.9510565162951419,-0.982287250728676,-1.4422001416594799,-1.4339117514621662
0.9570000000000001,-0.8090169943749324,-0.844327925502031,-1.2311809571259478,-1.120562812506545
0.9580000000000001,-0.5877852522924625,-0.24868988716484627,-0.7121301958748856,-1.0152017364213366
0.9590000000000001,-0.3090169943749468,0.4817536741016569,-0.06814015732411832,-0.4340088618080103
0.96,-1.175660927181459e-14,0.9510565162951097,0.47552825814754307,0.7227204755636384
0.961,0.3090169943749244,0.9048270524660637,0.7614305206079562,0.7506160423702206
0.962,0.5877852522924435,0.3681245526847386,0.7718475286348128,0.5598759540744529
0.963,0.809016994374952,-0.36812455268454725,0.6249547180326784,0.7849026621521304
0.964,0.9510565162951521,-0.904827052465976,0.4986429900621641,0.2846477717531261
0.965,1.0,-0.9510565162951733,0.5244717418524134,0.5997816032462419
0.966,0.9510565162951627,-0.4817536741018373,0.7101796792442441,0.7460304081068223
0.967,0.8090169943749387,0.24868988716475707,0.9333619379573173,0.8736019921580276
0.968,0.5877852522924712,0.8443279255019815,1.009949215043462,0.8566055719111535
0.969,0.309016994374957,0.9822872507287145,0.8001606197393143,1.1065766903826042
0.97,2.2537214988130828e-14,0.5877852522925536,0.29389262614629935,0.7190156223928652
0.971,-0.3090169943749682,-0.1253332335642435,-0.37168361115709,-0.17489698554084748
0.972,-0.5877852522924808,-0.7705132427757022,-0.9730418736803319,-0.709289178555015
0.973,-0.8090169943749457,-0.9980267284282778,-1.3080303585890847,-0.9924794257500158
0.974,-0.9510565162951488,-0.6845471059287324,-1.2933300692595149,-0.8898436661672766
0.975,-1.0,-1.352381454640631e-13,-1.0000000000000677,-0.770711543938589
0.976,-0.9510565162951485,0.684547105928618,-0.6087829633308395,-0.6524927631141341
0.977,-0.809016994374945,0.9980267284282679,-0.31000363016081106,-0.3771110600491761
0.978,-0.5877852522924799,0.7705132427758746,-0.2025286309045426,-0.12813378285386712
0.979,-0.30901699437496727,0.12533323356439904,-0.24635037759276773,-0.27400381835609
0.98,2.352559815636095e-14,-0.5877852522924268,-0.2938926261461899,-0.1702789551061681
0.981,0.30901699437495794,-0.9822872507286639,-0.18212663098937398,-0.30540380473669493
0.982,0.587785252292472,-0.8443279255020656,0.16562128954143923,0.4150466715878557
0.983,0.8090169943749393,-0.24868988716490892,0.6846720507924848,0.9113896329143327
0.984,0.9510565162951454,0.48175367410160025,1.1919333533459455,1.0212310288205373
0.985,1.0,0.9510565162951249,1.4755282581475624,1.4526365396497092
0.986,0.9510565162951519,0.9048270524660428,1.4034700425281732,1.2799372688082253
0.987,0.8090169943749514,0.36812455268479877,0.9930792707173508,1.2392628191171118
0.988,0.5877852522924887,-0.3681245526845928,0.40372297595019224,0.026828525640699763
0.989,0.30901699437492347,-0.9048270524659968,-0.14339653185807494,-0.2462491576191631
0.99,-1.274499244004471e-14,-0.9510565162951933,-0.4755282581476094,-0.5531293373889999
0.991,-0.30901699437494773,-0.48175367410179437,-0.5498938314258449,-0.6941553122561166
0.992,-0.5877852522924633,0.24868988716480453,-0.463440308710061,-0.4606263053916146
0.993,-0.809016994374933,0.8443279255019469,-0.38685303162395956,-0.2208195416922374
0.994,-0.9510565162951596,0.9822872507287054,-0.45991289093080695,-0.28486784493816397
0.995,-1.0,0.587785252292514,-0.706107373853743,-0.7929328419888089
0.996,-0.9510565162951552,-0.12533323356417933,-1.013723133077245,-1.2866884873155042
0.997,-0.8090169943749578,-0.7705132427757334,-1.1942736157628244,-0.783848493026768
0.998,-0.5877852522924514,-0.9980267284282747,-1.0867986165065888,-0.9871435696561104
0.999,-0.30901699437493374,-0.6845471059287794,-0.6512905473393235,-0.5373511871532268
